{"v":"5.7.3","fr":25,"ip":0,"op":51,"w":972,"h":950,"nm":"Santa Clause","ddd":0,"assets":[],"layers":[{"ddd":0,"ind":1,"ty":4,"nm":"fix hand Outlines","sr":1,"ks":{"o":{"a":0,"k":100,"ix":11},"r":{"a":0,"k":0,"ix":10},"p":{"a":0,"k":[603.293,440.216,0],"ix":2},"a":{"a":0,"k":[88.244,70.159,0],"ix":1},"s":{"a":0,"k":[100,100,100],"ix":6}},"ao":0,"shapes":[{"ty":"gr","it":[{"ind":0,"ty":"sh","ix":1,"ks":{"a":0,"k":{"i":[[-0.341,0.934],[2.74,12.312],[0.093,-0.64],[0.631,-5.652],[2.104,-7.065]],"o":[[4.217,-11.568],[-0.132,-0.591],[-0.814,5.606],[-0.82,7.338],[-0.292,0.978]],"v":[[-3.152,19.359],[2.213,-19.653],[0.967,-19.653],[-0.05,-2.683],[-4.661,18.943]],"c":true},"ix":2},"nm":"Path 1","mn":"ADBE Vector Shape - Group","hd":false},{"ty":"fl","c":{"a":0,"k":[0.825590485218,0.825590485218,0.825590485218,1],"ix":4},"o":{"a":0,"k":100,"ix":5},"r":1,"bm":0,"nm":"Fill 1","mn":"ADBE Vector Graphic - Fill","hd":false},{"ty":"tr","p":{"a":0,"k":[87.477,103.428],"ix":2},"a":{"a":0,"k":[0,0],"ix":1},"s":{"a":0,"k":[100,100],"ix":3},"r":{"a":0,"k":0,"ix":6},"o":{"a":0,"k":100,"ix":7},"sk":{"a":0,"k":0,"ix":4},"sa":{"a":0,"k":0,"ix":5},"nm":"Transform"}],"nm":"Group 1","np":2,"cix":2,"bm":0,"ix":1,"mn":"ADBE Vector Group","hd":false},{"ty":"gr","it":[{"ind":0,"ty":"sh","ix":1,"ks":{"a":0,"k":{"i":[[-0.201,0.628],[1.447,11.236],[0.056,-0.576],[1.164,-11.75]],"o":[[3.463,-10.829],[-0.073,-0.56],[-1.154,11.741],[-0.071,0.713]],"v":[[-1.68,17.679],[1.506,-17.731],[0.621,-17.731],[-2.882,17.516]],"c":true},"ix":2},"nm":"Path 1","mn":"ADBE Vector Shape - Group","hd":false},{"ty":"fl","c":{"a":0,"k":[0.825590485218,0.825590485218,0.825590485218,1],"ix":4},"o":{"a":0,"k":100,"ix":5},"r":1,"bm":0,"nm":"Fill 1","mn":"ADBE Vector Graphic - Fill","hd":false},{"ty":"tr","p":{"a":0,"k":[78.014,103.136],"ix":2},"a":{"a":0,"k":[0,0],"ix":1},"s":{"a":0,"k":[100,100],"ix":3},"r":{"a":0,"k":0,"ix":6},"o":{"a":0,"k":100,"ix":7},"sk":{"a":0,"k":0,"ix":4},"sa":{"a":0,"k":0,"ix":5},"nm":"Transform"}],"nm":"Group 2","np":2,"cix":2,"bm":0,"ix":2,"mn":"ADBE Vector Group","hd":false},{"ty":"gr","it":[{"ind":0,"ty":"sh","ix":1,"ks":{"a":0,"k":{"i":[[-1.462,-1.087],[-3.869,-0.86],[1.4,0.694],[3.547,1.561]],"o":[[3.189,2.37],[1.385,0.307],[-3.471,-1.725],[-1.663,-0.732]],"v":[[-5.961,-1.056],[5.011,3.908],[6.024,1.505],[-4.541,-3.484]],"c":true},"ix":2},"nm":"Path 1","mn":"ADBE Vector Shape - Group","hd":false},{"ty":"fl","c":{"a":0,"k":[0.278676081639,0.27486632104,0.297618701411,1],"ix":4},"o":{"a":0,"k":100,"ix":5},"r":1,"bm":0,"nm":"Fill 1","mn":"ADBE Vector Graphic - Fill","hd":false},{"ty":"tr","p":{"a":0,"k":[19.377,98.763],"ix":2},"a":{"a":0,"k":[0,0],"ix":1},"s":{"a":0,"k":[100,100],"ix":3},"r":{"a":0,"k":0,"ix":6},"o":{"a":0,"k":100,"ix":7},"sk":{"a":0,"k":0,"ix":4},"sa":{"a":0,"k":0,"ix":5},"nm":"Transform"}],"nm":"Group 3","np":2,"cix":2,"bm":0,"ix":3,"mn":"ADBE Vector Group","hd":false},{"ty":"gr","it":[{"ind":0,"ty":"sh","ix":1,"ks":{"a":0,"k":{"i":[[-1.273,-0.633],[-6.779,-2.602],[0.925,0.519],[6.554,2.893]],"o":[[6.5,3.229],[1.019,0.391],[-6.257,-3.502],[-1.256,-0.554]],"v":[[-10.041,-3.514],[9.655,5.556],[10.389,3.815],[-8.941,-5.393]],"c":true},"ix":2},"nm":"Path 1","mn":"ADBE Vector Shape - Group","hd":false},{"ty":"fl","c":{"a":0,"k":[0.278676081639,0.27486632104,0.297618701411,1],"ix":4},"o":{"a":0,"k":100,"ix":5},"r":1,"bm":0,"nm":"Fill 1","mn":"ADBE Vector Graphic - Fill","hd":false},{"ty":"tr","p":{"a":0,"k":[22.605,89.424],"ix":2},"a":{"a":0,"k":[0,0],"ix":1},"s":{"a":0,"k":[100,100],"ix":3},"r":{"a":0,"k":0,"ix":6},"o":{"a":0,"k":100,"ix":7},"sk":{"a":0,"k":0,"ix":4},"sa":{"a":0,"k":0,"ix":5},"nm":"Transform"}],"nm":"Group 4","np":2,"cix":2,"bm":0,"ix":4,"mn":"ADBE Vector Group","hd":false},{"ty":"gr","it":[{"ind":0,"ty":"sh","ix":1,"ks":{"a":0,"k":{"i":[[-1.126,-0.508],[-5.379,-1.844],[0.923,0.498],[5.153,2.19]],"o":[[5.182,2.335],[0.999,0.341],[-4.928,-2.662],[-1.108,-0.471]],"v":[[-8.114,-2.539],[7.6,4.314],[8.317,2.613],[-7.152,-4.184]],"c":true},"ix":2},"nm":"Path 1","mn":"ADBE Vector Shape - Group","hd":false},{"ty":"fl","c":{"a":0,"k":[0.278676081639,0.27486632104,0.297618701411,1],"ix":4},"o":{"a":0,"k":100,"ix":5},"r":1,"bm":0,"nm":"Fill 1","mn":"ADBE Vector Graphic - Fill","hd":false},{"ty":"tr","p":{"a":0,"k":[24.645,80.53],"ix":2},"a":{"a":0,"k":[0,0],"ix":1},"s":{"a":0,"k":[100,100],"ix":3},"r":{"a":0,"k":0,"ix":6},"o":{"a":0,"k":100,"ix":7},"sk":{"a":0,"k":0,"ix":4},"sa":{"a":0,"k":0,"ix":5},"nm":"Transform"}],"nm":"Group 5","np":2,"cix":2,"bm":0,"ix":5,"mn":"ADBE Vector Group","hd":false},{"ty":"gr","it":[{"ind":0,"ty":"sh","ix":1,"ks":{"a":0,"k":{"i":[[4.755,-13.558],[4.259,11.111],[5.829,1.988],[-6.257,18.708],[-2.604,-0.829],[-0.236,-3.857],[-1.996,-11.238]],"o":[[-1.553,4.426],[-1.377,6.003],[-7.017,-3.404],[0.866,-2.591],[5.691,1.81],[6.736,-9.421],[2.576,14.5]],"v":[[13.556,28.691],[-4.55,24.413],[-17.641,25.209],[-11.365,-29.739],[-5.982,-33.705],[1.668,-26.103],[22.082,-22.513]],"c":true},"ix":2},"nm":"Path 1","mn":"ADBE Vector Shape - Group","hd":false},{"ty":"fl","c":{"a":0,"k":[0.951659737381,0.951659737381,0.951659737381,1],"ix":4},"o":{"a":0,"k":100,"ix":5},"r":1,"bm":0,"nm":"Fill 1","mn":"ADBE Vector Graphic - Fill","hd":false},{"ty":"tr","p":{"a":0,"k":[81.454,104.544],"ix":2},"a":{"a":0,"k":[0,0],"ix":1},"s":{"a":0,"k":[100,100],"ix":3},"r":{"a":0,"k":0,"ix":6},"o":{"a":0,"k":100,"ix":7},"sk":{"a":0,"k":0,"ix":4},"sa":{"a":0,"k":0,"ix":5},"nm":"Transform"}],"nm":"Group 6","np":2,"cix":2,"bm":0,"ix":6,"mn":"ADBE Vector Group","hd":false},{"ty":"gr","it":[{"ind":0,"ty":"sh","ix":1,"ks":{"a":0,"k":{"i":[[0.736,-8.506],[-1.1,-5.429],[8.969,-15.953],[-4.146,-6.268],[-6.502,-3.772],[-17.888,1.133],[-0.419,6.13],[9.547,10.813]],"o":[[-0.478,5.515],[-13.787,-4.354],[-3.684,6.552],[4.146,6.27],[15.503,8.993],[4.439,-0.281],[0.702,-10.276],[-3.412,-3.865]],"v":[[5.23,-24.268],[8.074,-10.356],[-36.97,-17.259],[-37.335,6.074],[-19.329,21.557],[33.741,32.079],[40.78,0.825],[15.428,-28.914]],"c":true},"ix":2},"nm":"Path 1","mn":"ADBE Vector Shape - Group","hd":false},{"ty":"fl","c":{"a":0,"k":[0.204731974882,0.200948393579,0.218980901382,1],"ix":4},"o":{"a":0,"k":100,"ix":5},"r":1,"bm":0,"nm":"Fill 1","mn":"ADBE Vector Graphic - Fill","hd":false},{"ty":"tr","p":{"a":0,"k":[41.732,91.418],"ix":2},"a":{"a":0,"k":[0,0],"ix":1},"s":{"a":0,"k":[100,100],"ix":3},"r":{"a":0,"k":0,"ix":6},"o":{"a":0,"k":100,"ix":7},"sk":{"a":0,"k":0,"ix":4},"sa":{"a":0,"k":0,"ix":5},"nm":"Transform"}],"nm":"Group 7","np":2,"cix":2,"bm":0,"ix":7,"mn":"ADBE Vector Group","hd":false},{"ty":"gr","it":[{"ind":0,"ty":"sh","ix":1,"ks":{"a":0,"k":{"i":[[0.142,1.764],[3.002,11.046],[0.088,-1.139],[-1.216,-11.268]],"o":[[-0.917,-11.39],[-0.321,-1.183],[-0.871,11.311],[0.185,1.71]],"v":[[3.207,17.247],[-0.428,-17.829],[-2.477,-17.551],[0.484,17.247]],"c":true},"ix":2},"nm":"Path 1","mn":"ADBE Vector Shape - Group","hd":false},{"ty":"fl","c":{"a":0,"k":[0.810424206304,0.104290539611,0.104290539611,1],"ix":4},"o":{"a":0,"k":100,"ix":5},"r":1,"bm":0,"nm":"Fill 1","mn":"ADBE Vector Graphic - Fill","hd":false},{"ty":"tr","p":{"a":0,"k":[145.554,19.262],"ix":2},"a":{"a":0,"k":[0,0],"ix":1},"s":{"a":0,"k":[100,100],"ix":3},"r":{"a":0,"k":0,"ix":6},"o":{"a":0,"k":100,"ix":7},"sk":{"a":0,"k":0,"ix":4},"sa":{"a":0,"k":0,"ix":5},"nm":"Transform"}],"nm":"Group 8","np":2,"cix":2,"bm":0,"ix":8,"mn":"ADBE Vector Group","hd":false},{"ty":"gr","it":[{"ind":0,"ty":"sh","ix":1,"ks":{"a":0,"k":{"i":[[-2.403,-0.39],[-17.912,13.172],[2.459,-0.844],[23.952,1.399]],"o":[[20.609,3.35],[1.777,-1.307],[-22.804,7.826],[-2.373,-0.139]],"v":[[-35.623,4.33],[36.25,-4.229],[34.617,-8.099],[-35.055,0.121]],"c":true},"ix":2},"nm":"Path 1","mn":"ADBE Vector Shape - Group","hd":false},{"ty":"fl","c":{"a":0,"k":[0.810424206304,0.104290539611,0.104290539611,1],"ix":4},"o":{"a":0,"k":100,"ix":5},"r":1,"bm":0,"nm":"Fill 1","mn":"ADBE Vector Graphic - Fill","hd":false},{"ty":"tr","p":{"a":0,"k":[138.212,128.95],"ix":2},"a":{"a":0,"k":[0,0],"ix":1},"s":{"a":0,"k":[100,100],"ix":3},"r":{"a":0,"k":0,"ix":6},"o":{"a":0,"k":100,"ix":7},"sk":{"a":0,"k":0,"ix":4},"sa":{"a":0,"k":0,"ix":5},"nm":"Transform"}],"nm":"Group 9","np":2,"cix":2,"bm":0,"ix":9,"mn":"ADBE Vector Group","hd":false},{"ty":"gr","it":[{"ind":0,"ty":"sh","ix":1,"ks":{"a":0,"k":{"i":[[-2.571,0.348],[-0.231,16.032],[1.086,-2.128],[5.461,-5.686],[7.495,-2.448]],"o":[[14.774,-2],[0.032,-2.283],[-3.452,6.76],[-5.527,5.755],[-2.602,0.85]],"v":[[-14.954,18.069],[18.623,-15.092],[14.201,-16.289],[3.604,2.529],[-16.054,14.083]],"c":true},"ix":2},"nm":"Path 1","mn":"ADBE Vector Shape - Group","hd":false},{"ty":"fl","c":{"a":0,"k":[0.810424206304,0.104290539611,0.104290539611,1],"ix":4},"o":{"a":0,"k":100,"ix":5},"r":1,"bm":0,"nm":"Fill 1","mn":"ADBE Vector Graphic - Fill","hd":false},{"ty":"tr","p":{"a":0,"k":[131.662,62.826],"ix":2},"a":{"a":0,"k":[0,0],"ix":1},"s":{"a":0,"k":[100,100],"ix":3},"r":{"a":0,"k":0,"ix":6},"o":{"a":0,"k":100,"ix":7},"sk":{"a":0,"k":0,"ix":4},"sa":{"a":0,"k":0,"ix":5},"nm":"Transform"}],"nm":"Group 10","np":2,"cix":2,"bm":0,"ix":10,"mn":"ADBE Vector Group","hd":false}],"ip":0,"op":1000,"st":0,"bm":0},{"ddd":0,"ind":2,"ty":4,"nm":"face Outlines","sr":1,"ks":{"o":{"a":0,"k":100,"ix":11},"r":{"a":1,"k":[{"i":{"x":[0.667],"y":[1]},"o":{"x":[0.333],"y":[0]},"t":0,"s":[7]},{"i":{"x":[0.667],"y":[1]},"o":{"x":[0.333],"y":[0]},"t":25,"s":[-7]},{"t":50,"s":[7]}],"ix":10,"x":"var $bm_rt;\n$bm_rt = loopOut('cycle', 0);"},"p":{"a":0,"k":[546.332,344.751,0],"ix":2},"a":{"a":0,"k":[114.78,203.769,0],"ix":1},"s":{"a":0,"k":[100,100,100],"ix":6}},"ao":0,"shapes":[{"ty":"gr","it":[{"ind":0,"ty":"sh","ix":1,"ks":{"a":0,"k":{"i":[[3.018,0.728],[-4.359,-0.461],[-1.113,10.536],[3.102,3.801],[-0.011,-0.439],[3.629,-5.075],[2.347,-1.212],[2.742,-0.264]],"o":[[2.913,2.818],[10.566,1.116],[0.559,-5.284],[0.071,0.444],[0.274,6.246],[-1.541,2.143],[-2.445,1.318],[-3.128,0.312]],"v":[[-16.422,9.845],[-5.264,15.024],[15.863,-2.038],[11.69,-16.14],[11.813,-14.814],[6.68,2.829],[0.892,8.143],[-7.085,10.16]],"c":true},"ix":2},"nm":"Path 1","mn":"ADBE Vector Shape - Group","hd":false},{"ty":"fl","c":{"a":0,"k":[0.825590485218,0.825590485218,0.825590485218,1],"ix":4},"o":{"a":0,"k":100,"ix":5},"r":1,"bm":0,"nm":"Fill 1","mn":"ADBE Vector Graphic - Fill","hd":false},{"ty":"tr","p":{"a":0,"k":[246.887,95.345],"ix":2},"a":{"a":0,"k":[0,0],"ix":1},"s":{"a":0,"k":[100,100],"ix":3},"r":{"a":0,"k":0,"ix":6},"o":{"a":0,"k":100,"ix":7},"sk":{"a":0,"k":0,"ix":4},"sa":{"a":0,"k":0,"ix":5},"nm":"Transform"}],"nm":"Group 1","np":2,"cix":2,"bm":0,"ix":1,"mn":"ADBE Vector Group","hd":false},{"ty":"gr","it":[{"ind":0,"ty":"sh","ix":1,"ks":{"a":0,"k":{"i":[[0.407,-3.849],[5.224,0.553],[-0.407,3.849],[-5.223,-0.552]],"o":[[-0.406,3.849],[-5.225,-0.551],[0.406,-3.848],[5.225,0.552]],"v":[[9.459,0.999],[-0.736,6.967],[-9.459,-1.001],[0.736,-6.969]],"c":true},"ix":2},"nm":"Path 1","mn":"ADBE Vector Shape - Group","hd":false},{"ty":"fl","c":{"a":0,"k":[0.926064285578,0.672988712086,0.520378322227,1],"ix":4},"o":{"a":0,"k":100,"ix":5},"r":1,"bm":0,"nm":"Fill 1","mn":"ADBE Vector Graphic - Fill","hd":false},{"ty":"tr","p":{"a":0,"k":[171.099,169.947],"ix":2},"a":{"a":0,"k":[0,0],"ix":1},"s":{"a":0,"k":[100,100],"ix":3},"r":{"a":0,"k":0,"ix":6},"o":{"a":0,"k":100,"ix":7},"sk":{"a":0,"k":0,"ix":4},"sa":{"a":0,"k":0,"ix":5},"nm":"Transform"}],"nm":"Group 2","np":2,"cix":2,"bm":0,"ix":2,"mn":"ADBE Vector Group","hd":false},{"ty":"gr","it":[{"ind":0,"ty":"sh","ix":1,"ks":{"a":0,"k":{"i":[[0.407,-3.849],[5.223,0.553],[-0.407,3.849],[-5.224,-0.552]],"o":[[-0.406,3.849],[-5.225,-0.552],[0.407,-3.848],[5.224,0.552]],"v":[[9.46,0.999],[-0.735,6.967],[-9.459,-1.001],[0.736,-6.969]],"c":true},"ix":2},"nm":"Path 1","mn":"ADBE Vector Shape - Group","hd":false},{"ty":"fl","c":{"a":0,"k":[0.926064285578,0.672988712086,0.520378322227,1],"ix":4},"o":{"a":0,"k":100,"ix":5},"r":1,"bm":0,"nm":"Fill 1","mn":"ADBE Vector Graphic - Fill","hd":false},{"ty":"tr","p":{"a":0,"k":[61.304,159.845],"ix":2},"a":{"a":0,"k":[0,0],"ix":1},"s":{"a":0,"k":[100,100],"ix":3},"r":{"a":0,"k":0,"ix":6},"o":{"a":0,"k":100,"ix":7},"sk":{"a":0,"k":0,"ix":4},"sa":{"a":0,"k":0,"ix":5},"nm":"Transform"}],"nm":"Group 3","np":2,"cix":2,"bm":0,"ix":3,"mn":"ADBE Vector Group","hd":false},{"ty":"gr","it":[{"ind":0,"ty":"sh","ix":1,"ks":{"a":0,"k":{"i":[[-8.462,-4.8],[6.392,0.675],[0.535,11.504]],"o":[[-4.021,12.045],[-6.285,-0.664],[7.694,-3.226]],"v":[[12.485,-9.361],[-3.504,13.485],[-12.485,-9.846]],"c":true},"ix":2},"nm":"Path 1","mn":"ADBE Vector Shape - Group","hd":false},{"ty":"fl","c":{"a":0,"k":[0.970616718367,0.524163579006,0.568718584846,1],"ix":4},"o":{"a":0,"k":100,"ix":5},"r":1,"bm":0,"nm":"Fill 1","mn":"ADBE Vector Graphic - Fill","hd":false},{"ty":"tr","p":{"a":0,"k":[109.926,249.085],"ix":2},"a":{"a":0,"k":[0,0],"ix":1},"s":{"a":0,"k":[100,100],"ix":3},"r":{"a":0,"k":0,"ix":6},"o":{"a":0,"k":100,"ix":7},"sk":{"a":0,"k":0,"ix":4},"sa":{"a":0,"k":0,"ix":5},"nm":"Transform"}],"nm":"Group 4","np":2,"cix":2,"bm":0,"ix":4,"mn":"ADBE Vector Group","hd":false},{"ty":"gr","it":[{"ind":0,"ty":"sh","ix":1,"ks":{"a":0,"k":{"i":[[-0.898,0.333],[-44.137,-10.427],[1.178,0.435],[41.464,-17.407]],"o":[[44.178,-16.396],[1.252,0.296],[-41.28,-15.245],[-0.844,0.354]],"v":[[-67.628,7.951],[67.158,10.571],[67.682,8.669],[-68.017,6.54]],"c":true},"ix":2},"nm":"Path 1","mn":"ADBE Vector Shape - Group","hd":false},{"ty":"fl","c":{"a":0,"k":[0.825590485218,0.825590485218,0.825590485218,1],"ix":4},"o":{"a":0,"k":100,"ix":5},"r":1,"bm":0,"nm":"Fill 1","mn":"ADBE Vector Graphic - Fill","hd":false},{"ty":"tr","p":{"a":0,"k":[116.79,79.015],"ix":2},"a":{"a":0,"k":[0,0],"ix":1},"s":{"a":0,"k":[100,100],"ix":3},"r":{"a":0,"k":0,"ix":6},"o":{"a":0,"k":100,"ix":7},"sk":{"a":0,"k":0,"ix":4},"sa":{"a":0,"k":0,"ix":5},"nm":"Transform"}],"nm":"Group 5","np":2,"cix":2,"bm":0,"ix":5,"mn":"ADBE Vector Group","hd":false},{"ty":"gr","it":[{"ind":0,"ty":"sh","ix":1,"ks":{"a":0,"k":{"i":[[0.092,-1.251],[-9.844,0.018],[-0.495,9.355],[0.474,-1.321],[8.745,-0.169],[1.959,7.976]],"o":[[-0.722,9.893],[9.881,-0.017],[0.083,-1.553],[-2.545,7.108],[-9.47,0.183],[-0.326,-1.324]],"v":[[-17.525,-8.737],[0.703,10.351],[18.164,-7.862],[15.593,-8.21],[0.703,6.828],[-15.253,-9.045]],"c":true},"ix":2},"nm":"Path 1","mn":"ADBE Vector Shape - Group","hd":false},{"ty":"fl","c":{"a":0,"k":[0.825590485218,0.825590485218,0.825590485218,1],"ix":4},"o":{"a":0,"k":100,"ix":5},"r":1,"bm":0,"nm":"Fill 1","mn":"ADBE Vector Graphic - Fill","hd":false},{"ty":"tr","p":{"a":0,"k":[106.722,269.609],"ix":2},"a":{"a":0,"k":[0,0],"ix":1},"s":{"a":0,"k":[100,100],"ix":3},"r":{"a":0,"k":0,"ix":6},"o":{"a":0,"k":100,"ix":7},"sk":{"a":0,"k":0,"ix":4},"sa":{"a":0,"k":0,"ix":5},"nm":"Transform"}],"nm":"Group 6","np":2,"cix":2,"bm":0,"ix":6,"mn":"ADBE Vector Group","hd":false},{"ty":"gr","it":[{"ind":0,"ty":"sh","ix":1,"ks":{"a":0,"k":{"i":[[0.098,2.032],[3.963,1.652],[4.777,-1.687],[-6.17,1.761],[-3.247,-0.883],[-3.009,-0.575]],"o":[[-0.225,-4.711],[-4.613,-1.923],[-5.899,2.084],[3.162,-0.902],[3.046,0.828],[1.765,0.338]],"v":[[14.888,4.369],[5.729,-5.054],[-9.087,-5.841],[-6.47,3.65],[2.872,3.15],[11.185,7.19]],"c":true},"ix":2},"nm":"Path 1","mn":"ADBE Vector Shape - Group","hd":false},{"ty":"fl","c":{"a":0,"k":[0.970616718367,0.970616718367,0.970616718367,1],"ix":4},"o":{"a":0,"k":100,"ix":5},"r":1,"bm":0,"nm":"Fill 1","mn":"ADBE Vector Graphic - Fill","hd":false},{"ty":"tr","p":{"a":0,"k":[154.902,120.561],"ix":2},"a":{"a":0,"k":[0,0],"ix":1},"s":{"a":0,"k":[100,100],"ix":3},"r":{"a":0,"k":0,"ix":6},"o":{"a":0,"k":100,"ix":7},"sk":{"a":0,"k":0,"ix":4},"sa":{"a":0,"k":0,"ix":5},"nm":"Transform"}],"nm":"Group 7","np":2,"cix":2,"bm":0,"ix":7,"mn":"ADBE Vector Group","hd":false},{"ty":"gr","it":[{"ind":0,"ty":"sh","ix":1,"ks":{"a":0,"k":{"i":[[-1.869,0.008],[-3.109,0.252],[-2.876,-1.54],[5.467,3.251],[5.025,-0.859],[1.33,-4.462]],"o":[[3.076,-0.015],[3.323,-0.269],[5.582,2.987],[-4.418,-2.626],[-4.209,0.719],[-0.543,1.823]],"v":[[-12.492,4.335],[-3.695,2.121],[5.417,4.413],[10.39,-4.091],[-4.264,-6.541],[-15.313,0.632]],"c":true},"ix":2},"nm":"Path 1","mn":"ADBE Vector Shape - Group","hd":false},{"ty":"fl","c":{"a":0,"k":[0.970616718367,0.970616718367,0.970616718367,1],"ix":4},"o":{"a":0,"k":100,"ix":5},"r":1,"bm":0,"nm":"Fill 1","mn":"ADBE Vector Graphic - Fill","hd":false},{"ty":"tr","p":{"a":0,"k":[83.196,113.358],"ix":2},"a":{"a":0,"k":[0,0],"ix":1},"s":{"a":0,"k":[100,100],"ix":3},"r":{"a":0,"k":0,"ix":6},"o":{"a":0,"k":100,"ix":7},"sk":{"a":0,"k":0,"ix":4},"sa":{"a":0,"k":0,"ix":5},"nm":"Transform"}],"nm":"Group 8","np":2,"cix":2,"bm":0,"ix":8,"mn":"ADBE Vector Group","hd":false},{"ty":"gr","it":[{"ind":0,"ty":"sh","ix":1,"ks":{"a":0,"k":{"i":[[2.226,9.667],[5.161,3.546],[3.317,-2.194],[2.867,-8.16],[-0.934,-6.522],[-6.121,-2.439],[-3.877,9.131]],"o":[[-1.404,-6.102],[-3.475,-2.388],[-7.136,5.591],[-2.184,6.216],[0.933,6.522],[9.214,3.672],[3.877,-9.13]],"v":[[16.035,-13.322],[7.398,-29.498],[-4.576,-29.604],[-16.741,-8.691],[-19.094,12.843],[-8.155,28.214],[16.15,18.339]],"c":true},"ix":2},"nm":"Path 1","mn":"ADBE Vector Shape - Group","hd":false},{"ty":"fl","c":{"a":0,"k":[0.940282066196,0.684361237171,0.535545558555,1],"ix":4},"o":{"a":0,"k":100,"ix":5},"r":1,"bm":0,"nm":"Fill 1","mn":"ADBE Vector Graphic - Fill","hd":false},{"ty":"tr","p":{"a":0,"k":[115.665,165.465],"ix":2},"a":{"a":0,"k":[0,0],"ix":1},"s":{"a":0,"k":[100,100],"ix":3},"r":{"a":0,"k":0,"ix":6},"o":{"a":0,"k":100,"ix":7},"sk":{"a":0,"k":0,"ix":4},"sa":{"a":0,"k":0,"ix":5},"nm":"Transform"}],"nm":"Group 9","np":2,"cix":2,"bm":0,"ix":9,"mn":"ADBE Vector Group","hd":false},{"ty":"gr","it":[{"ind":0,"ty":"sh","ix":1,"ks":{"a":0,"k":{"i":[[-0.139,-1.352],[-20.239,21.763],[2.018,-2.056],[6.261,27.385]],"o":[[3.209,31.452],[1.949,-2.095],[-19.239,19.592],[-0.294,-1.283]],"v":[[-31.504,-19.431],[29.694,-0.733],[26.544,-3.884],[-29.165,-19.747]],"c":true},"ix":2},"nm":"Path 1","mn":"ADBE Vector Shape - Group","hd":false},{"ty":"fl","c":{"a":0,"k":[0.825590485218,0.825590485218,0.825590485218,1],"ix":4},"o":{"a":0,"k":100,"ix":5},"r":1,"bm":0,"nm":"Fill 1","mn":"ADBE Vector Graphic - Fill","hd":false},{"ty":"tr","p":{"a":0,"k":[143.378,211.226],"ix":2},"a":{"a":0,"k":[0,0],"ix":1},"s":{"a":0,"k":[100,100],"ix":3},"r":{"a":0,"k":0,"ix":6},"o":{"a":0,"k":100,"ix":7},"sk":{"a":0,"k":0,"ix":4},"sa":{"a":0,"k":0,"ix":5},"nm":"Transform"}],"nm":"Group 10","np":2,"cix":2,"bm":0,"ix":10,"mn":"ADBE Vector Group","hd":false},{"ty":"gr","it":[{"ind":0,"ty":"sh","ix":1,"ks":{"a":0,"k":{"i":[[-0.854,-1.944],[-15.098,-0.462],[-4.048,14.712],[0.798,-2.869],[16.12,2.502],[5.384,10.862]],"o":[[6.027,13.714],[16.48,0.504],[0.791,-2.875],[-4.009,14.409],[-12.062,-1.872],[-0.976,-1.97]],"v":[[-31.064,-9.273],[3.38,14.164],[31.127,-10.569],[26.666,-11.799],[-0.932,9.236],[-28.156,-10.973]],"c":true},"ix":2},"nm":"Path 1","mn":"ADBE Vector Shape - Group","hd":false},{"ty":"fl","c":{"a":0,"k":[0.825590485218,0.825590485218,0.825590485218,1],"ix":4},"o":{"a":0,"k":100,"ix":5},"r":1,"bm":0,"nm":"Fill 1","mn":"ADBE Vector Graphic - Fill","hd":false},{"ty":"tr","p":{"a":0,"k":[84.168,202.979],"ix":2},"a":{"a":0,"k":[0,0],"ix":1},"s":{"a":0,"k":[100,100],"ix":3},"r":{"a":0,"k":0,"ix":6},"o":{"a":0,"k":100,"ix":7},"sk":{"a":0,"k":0,"ix":4},"sa":{"a":0,"k":0,"ix":5},"nm":"Transform"}],"nm":"Group 11","np":2,"cix":2,"bm":0,"ix":11,"mn":"ADBE Vector Group","hd":false},{"ty":"gr","it":[{"ind":0,"ty":"sh","ix":1,"ks":{"a":0,"k":{"i":[[0,0],[4.323,-12.876],[6.392,0.675],[0.536,11.503],[0,0],[0,0]],"o":[[0,0],[-4.02,12.045],[-6.285,-0.664],[-0.576,-12.639],[9.952,-1.911],[5.701,15.543]],"v":[[15.797,-12.762],[9.749,11.305],[-6.24,34.151],[-15.221,10.82],[-14.418,-14.87],[-0.088,-34.826]],"c":true},"ix":2},"nm":"Path 1","mn":"ADBE Vector Shape - Group","hd":false},{"ty":"fl","c":{"a":0,"k":[0.204731974882,0.200948393579,0.218980901382,1],"ix":4},"o":{"a":0,"k":100,"ix":5},"r":1,"bm":0,"nm":"Fill 1","mn":"ADBE Vector Graphic - Fill","hd":false},{"ty":"tr","p":{"a":0,"k":[112.662,228.419],"ix":2},"a":{"a":0,"k":[0,0],"ix":1},"s":{"a":0,"k":[100,100],"ix":3},"r":{"a":0,"k":0,"ix":6},"o":{"a":0,"k":100,"ix":7},"sk":{"a":0,"k":0,"ix":4},"sa":{"a":0,"k":0,"ix":5},"nm":"Transform"}],"nm":"Group 12","np":2,"cix":2,"bm":0,"ix":12,"mn":"ADBE Vector Group","hd":false},{"ty":"gr","it":[{"ind":0,"ty":"sh","ix":1,"ks":{"a":0,"k":{"i":[[-53.645,9.042],[0,0],[7.633,-4.827],[-5.183,-15.581],[15.397,4.576],[18.912,17.703],[-0.169,25.903],[-3.738,13.267],[-8.958,23.719],[-2.727,1.492],[-5.363,-39.011],[-22.502,-7.487],[0,0]],"o":[[0,0],[-7.96,4.325],[-13.83,8.784],[-10.891,-11.835],[-24.819,-7.381],[-18.916,-17.674],[0.113,-13.766],[5.6,-19.841],[2.423,1.102],[0,0],[5.39,39.043],[22.531,7.49],[0,0]],"v":[[93.999,73.661],[93.996,73.69],[69.983,86.564],[49.119,127.094],[6.038,106.894],[-61.883,70.671],[-93.83,2.288],[-86.221,-38.213],[-56.364,-127.094],[-44.969,-124.985],[-77.311,11.156],[7.254,88.487],[39.479,110.867]],"c":true},"ix":2},"nm":"Path 1","mn":"ADBE Vector Shape - Group","hd":false},{"ty":"fl","c":{"a":0,"k":[0.825590485218,0.825590485218,0.825590485218,1],"ix":4},"o":{"a":0,"k":100,"ix":5},"r":1,"bm":0,"nm":"Fill 1","mn":"ADBE Vector Graphic - Fill","hd":false},{"ty":"tr","p":{"a":0,"k":[94.713,226.195],"ix":2},"a":{"a":0,"k":[0,0],"ix":1},"s":{"a":0,"k":[100,100],"ix":3},"r":{"a":0,"k":0,"ix":6},"o":{"a":0,"k":100,"ix":7},"sk":{"a":0,"k":0,"ix":4},"sa":{"a":0,"k":0,"ix":5},"nm":"Transform"}],"nm":"Group 13","np":2,"cix":2,"bm":0,"ix":13,"mn":"ADBE Vector Group","hd":false},{"ty":"gr","it":[{"ind":0,"ty":"sh","ix":1,"ks":{"a":0,"k":{"i":[[19.414,-19.637],[6.443,-3.523],[7.633,-4.827],[-5.184,-15.58],[15.396,4.576],[18.913,17.703],[-0.169,25.903],[-3.738,13.266],[-8.958,23.72],[-0.718,1.822],[-9.908,-24.458],[2.098,-12.943],[-30.532,-11.049],[-11.381,5.219],[-8.433,22.899],[11.438,19.366],[-7.257,0.168],[-5.411,-38.287]],"o":[[-5.166,5.234],[-7.96,4.325],[-13.83,8.784],[-10.892,-11.834],[-24.82,-7.381],[-18.915,-17.674],[0.113,-13.766],[5.599,-19.841],[0.854,-2.274],[1.435,-3.643],[4.676,11.557],[8.442,23.69],[11.611,4.205],[28.008,-12.833],[1.47,-3.96],[7.259,-0.195],[13.328,36.292],[3.885,27.324]],"v":[[93.178,78.985],[75.403,91.673],[51.39,104.547],[30.526,145.076],[-12.555,124.877],[-80.477,88.654],[-112.423,20.271],[-104.814,-20.23],[-74.958,-109.112],[-72.583,-115.283],[-51.82,-120.619],[-72.618,-48.118],[-9.814,-37.219],[5.189,-33.618],[77.575,-34.667],[58.157,-111.097],[79.93,-111.628],[108.171,0.648]],"c":true},"ix":2},"nm":"Path 1","mn":"ADBE Vector Shape - Group","hd":false},{"ty":"fl","c":{"a":0,"k":[0.970616718367,0.970616718367,0.970616718367,1],"ix":4},"o":{"a":0,"k":100,"ix":5},"r":1,"bm":0,"nm":"Fill 1","mn":"ADBE Vector Graphic - Fill","hd":false},{"ty":"tr","p":{"a":0,"k":[113.306,208.212],"ix":2},"a":{"a":0,"k":[0,0],"ix":1},"s":{"a":0,"k":[100,100],"ix":3},"r":{"a":0,"k":0,"ix":6},"o":{"a":0,"k":100,"ix":7},"sk":{"a":0,"k":0,"ix":4},"sa":{"a":0,"k":0,"ix":5},"nm":"Transform"}],"nm":"Group 14","np":2,"cix":2,"bm":0,"ix":14,"mn":"ADBE Vector Group","hd":false},{"ty":"gr","it":[{"ind":0,"ty":"sh","ix":1,"ks":{"a":0,"k":{"i":[[1.116,-10.566],[-4.195,-3.946],[-4.359,-0.461],[-1.113,10.536],[3.101,3.801],[5.283,0.558]],"o":[[-0.653,6.178],[2.913,2.818],[10.566,1.116],[0.559,-5.284],[-3.069,-3.828],[-10.538,-1.114]],"v":[[-19.049,-2.004],[-13.142,13.917],[-1.984,19.096],[19.143,2.034],[14.971,-12.068],[2.053,-19.098]],"c":true},"ix":2},"nm":"Path 1","mn":"ADBE Vector Shape - Group","hd":false},{"ty":"fl","c":{"a":0,"k":[0.970616718367,0.970616718367,0.970616718367,1],"ix":4},"o":{"a":0,"k":100,"ix":5},"r":1,"bm":0,"nm":"Fill 1","mn":"ADBE Vector Graphic - Fill","hd":false},{"ty":"tr","p":{"a":0,"k":[243.607,91.273],"ix":2},"a":{"a":0,"k":[0,0],"ix":1},"s":{"a":0,"k":[100,100],"ix":3},"r":{"a":0,"k":0,"ix":6},"o":{"a":0,"k":100,"ix":7},"sk":{"a":0,"k":0,"ix":4},"sa":{"a":0,"k":0,"ix":5},"nm":"Transform"}],"nm":"Group 15","np":2,"cix":2,"bm":0,"ix":15,"mn":"ADBE Vector Group","hd":false},{"ty":"gr","it":[{"ind":0,"ty":"sh","ix":1,"ks":{"a":0,"k":{"i":[[-13.33,2.718],[-27.211,-11.066],[-5.111,6.134],[0.284,8.089],[6.677,7.41],[29.566,1.254],[17.308,-12.756],[0.646,-7.221],[-5.684,-3.699]],"o":[[28.782,-5.871],[7.395,3.008],[2.276,-2.731],[-0.313,-8.867],[-19.81,-21.983],[-23.667,-1.004],[-4.974,3.667],[-0.702,7.835],[13.082,8.514]],"v":[[-22.63,9.716],[61.292,22.158],[84.959,30.889],[81.498,13.009],[81.703,-11.189],[5.318,-36.019],[-79.73,-21.069],[-81.5,-1.947],[-82.697,16.811]],"c":true},"ix":2},"nm":"Path 1","mn":"ADBE Vector Shape - Group","hd":false},{"ty":"fl","c":{"a":0,"k":[0.970616718367,0.970616718367,0.970616718367,1],"ix":4},"o":{"a":0,"k":100,"ix":5},"r":1,"bm":0,"nm":"Fill 1","mn":"ADBE Vector Graphic - Fill","hd":false},{"ty":"tr","p":{"a":0,"k":[120.056,81.838],"ix":2},"a":{"a":0,"k":[0,0],"ix":1},"s":{"a":0,"k":[100,100],"ix":3},"r":{"a":0,"k":0,"ix":6},"o":{"a":0,"k":100,"ix":7},"sk":{"a":0,"k":0,"ix":4},"sa":{"a":0,"k":0,"ix":5},"nm":"Transform"}],"nm":"Group 16","np":2,"cix":2,"bm":0,"ix":16,"mn":"ADBE Vector Group","hd":false},{"ty":"gr","it":[{"ind":0,"ty":"sh","ix":1,"ks":{"a":0,"k":{"i":[[0.668,-2.177],[-0.296,-0.236],[-8.98,5.152],[-12.105,4.617],[-8.278,-5.079],[-2.242,1.602],[0.517,0.639],[1.734,1.818],[3.159,2.99],[4.878,4.66],[2.86,1.382],[2.814,0.443],[1.733,-0.108],[2.985,-2.282],[3.896,-9.513]],"o":[[0.331,0.181],[8.343,6.135],[0,0],[3.833,-1.463],[1.816,-1.997],[-0.54,-0.699],[-1.604,-1.95],[-3.024,-3.151],[-4.878,-4.66],[-2.307,-2.2],[-2.584,-1.237],[-1.752,-0.273],[-3.763,0.245],[-8.163,6.26],[-0.864,2.098]],"v":[[-41.093,5.086],[-40.167,5.71],[-3.853,25.31],[5.353,-17.327],[34.203,14.066],[41.093,8.81],[39.492,6.831],[34.452,1.219],[25.144,-7.938],[10.541,-21.945],[3.041,-27.759],[-5.226,-29.917],[-10.463,-30.354],[-20.662,-25.828],[-38.81,-1.328]],"c":true},"ix":2},"nm":"Path 1","mn":"ADBE Vector Shape - Group","hd":false},{"ty":"fl","c":{"a":0,"k":[0.810424206304,0.104290539611,0.104290539611,1],"ix":4},"o":{"a":0,"k":100,"ix":5},"r":1,"bm":0,"nm":"Fill 1","mn":"ADBE Vector Graphic - Fill","hd":false},{"ty":"tr","p":{"a":0,"k":[199.783,79.353],"ix":2},"a":{"a":0,"k":[0,0],"ix":1},"s":{"a":0,"k":[100,100],"ix":3},"r":{"a":0,"k":0,"ix":6},"o":{"a":0,"k":100,"ix":7},"sk":{"a":0,"k":0,"ix":4},"sa":{"a":0,"k":0,"ix":5},"nm":"Transform"}],"nm":"Group 17","np":2,"cix":2,"bm":0,"ix":17,"mn":"ADBE Vector Group","hd":false},{"ty":"gr","it":[{"ind":0,"ty":"sh","ix":1,"ks":{"a":0,"k":{"i":[[-4.954,-48.133],[-12.31,-3.665],[-13.257,-9.341],[-0.296,-0.236],[-8.981,5.152],[-12.106,4.616],[-8.278,-5.079],[-2.241,1.602],[2.335,2.495],[77.772,18.612],[11.036,-3.52]],"o":[[1.003,9.564],[15.676,4.693],[0.332,0.181],[8.343,6.136],[0,0],[3.833,-1.464],[1.817,-1.997],[2.843,-2.035],[-2.73,-2.886],[-18.277,-4.374],[-16.616,5.298]],"v":[[-98.773,17.956],[-28.28,13.487],[16.83,29.406],[17.756,30.03],[54.071,49.63],[63.277,6.993],[92.126,38.387],[99.016,33.13],[101.392,26.668],[16.891,-50.409],[-63.385,-44.298]],"c":true},"ix":2},"nm":"Path 1","mn":"ADBE Vector Shape - Group","hd":false},{"ty":"fl","c":{"a":0,"k":[0.959242996515,0.123237617343,0.126113682167,1],"ix":4},"o":{"a":0,"k":100,"ix":5},"r":1,"bm":0,"nm":"Fill 1","mn":"ADBE Vector Graphic - Fill","hd":false},{"ty":"tr","p":{"a":0,"k":[141.859,55.033],"ix":2},"a":{"a":0,"k":[0,0],"ix":1},"s":{"a":0,"k":[100,100],"ix":3},"r":{"a":0,"k":0,"ix":6},"o":{"a":0,"k":100,"ix":7},"sk":{"a":0,"k":0,"ix":4},"sa":{"a":0,"k":0,"ix":5},"nm":"Transform"}],"nm":"Group 18","np":2,"cix":2,"bm":0,"ix":18,"mn":"ADBE Vector Group","hd":false},{"ty":"gr","it":[{"ind":0,"ty":"sh","ix":1,"ks":{"a":0,"k":{"i":[[-0.446,1.283],[5.054,0.333],[-0.471,-5.26],[-0.668,1.34],[-3.432,0.763],[0.274,-3.682]],"o":[[1.74,-5.006],[-4.987,-0.33],[0.111,1.242],[1.39,-2.788],[3.98,-0.885],[-0.111,1.501]],"v":[[8.3,4.771],[0.654,-5.724],[-9.568,3.862],[-6.99,4.56],[-0.934,-2.121],[5.804,4.434]],"c":true},"ix":2},"nm":"Path 1","mn":"ADBE Vector Shape - Group","hd":false},{"ty":"fl","c":{"a":0,"k":[0.204731974882,0.200948393579,0.218980901382,1],"ix":4},"o":{"a":0,"k":100,"ix":5},"r":1,"bm":0,"nm":"Fill 1","mn":"ADBE Vector Graphic - Fill","hd":false},{"ty":"tr","p":{"a":0,"k":[82.871,127.394],"ix":2},"a":{"a":0,"k":[0,0],"ix":1},"s":{"a":0,"k":[100,100],"ix":3},"r":{"a":0,"k":0,"ix":6},"o":{"a":0,"k":100,"ix":7},"sk":{"a":0,"k":0,"ix":4},"sa":{"a":0,"k":0,"ix":5},"nm":"Transform"}],"nm":"Group 19","np":2,"cix":2,"bm":0,"ix":19,"mn":"ADBE Vector Group","hd":false},{"ty":"gr","it":[{"ind":0,"ty":"sh","ix":1,"ks":{"a":0,"k":{"i":[[-0.215,1.63],[-3.464,-1.632],[-0.77,-3.023],[-0.396,1.264],[4.937,0.809],[-0.681,-5.285]],"o":[[0.479,-3.64],[3.157,1.486],[0.347,1.366],[1.583,-5.047],[-4.967,-0.815],[0.209,1.631]],"v":[[-6.733,2.508],[1.221,-2.189],[5.704,5.507],[8.371,5.507],[0.522,-6.058],[-9.274,2.508]],"c":true},"ix":2},"nm":"Path 1","mn":"ADBE Vector Shape - Group","hd":false},{"ty":"fl","c":{"a":0,"k":[0.204731974882,0.200948393579,0.218980901382,1],"ix":4},"o":{"a":0,"k":100,"ix":5},"r":1,"bm":0,"nm":"Fill 1","mn":"ADBE Vector Graphic - Fill","hd":false},{"ty":"tr","p":{"a":0,"k":[152.165,135.05],"ix":2},"a":{"a":0,"k":[0,0],"ix":1},"s":{"a":0,"k":[100,100],"ix":3},"r":{"a":0,"k":0,"ix":6},"o":{"a":0,"k":100,"ix":7},"sk":{"a":0,"k":0,"ix":4},"sa":{"a":0,"k":0,"ix":5},"nm":"Transform"}],"nm":"Group 20","np":2,"cix":2,"bm":0,"ix":20,"mn":"ADBE Vector Group","hd":false},{"ty":"gr","it":[{"ind":0,"ty":"sh","ix":1,"ks":{"a":0,"k":{"i":[[0.673,-46.308],[-26.957,-13.948],[-12.194,-1.205],[-9.39,3.506],[-8.464,12.468],[-0.431,20.615],[9.716,16.007],[22.903,7.966]],"o":[[-0.441,30.348],[10.882,5.631],[9.973,0.985],[14.118,-5.27],[11.583,-17.059],[0.391,-18.721],[-12.582,-20.729],[-57.878,-20.131]],"v":[[-80.726,19.42],[-39.128,95.213],[-3.836,104.668],[25.862,102.18],[58.505,71.985],[80.776,15.215],[63.653,-37.484],[11.016,-85.555]],"c":true},"ix":2},"nm":"Path 1","mn":"ADBE Vector Shape - Group","hd":false},{"ty":"fl","c":{"a":0,"k":[0.974406463025,0.795256969975,0.643597830978,1],"ix":4},"o":{"a":0,"k":100,"ix":5},"r":1,"bm":0,"nm":"Fill 1","mn":"ADBE Vector Graphic - Fill","hd":false},{"ty":"tr","p":{"a":0,"k":[118.423,132.625],"ix":2},"a":{"a":0,"k":[0,0],"ix":1},"s":{"a":0,"k":[100,100],"ix":3},"r":{"a":0,"k":0,"ix":6},"o":{"a":0,"k":100,"ix":7},"sk":{"a":0,"k":0,"ix":4},"sa":{"a":0,"k":0,"ix":5},"nm":"Transform"}],"nm":"Group 21","np":2,"cix":2,"bm":0,"ix":21,"mn":"ADBE Vector Group","hd":false},{"ty":"gr","it":[{"ind":0,"ty":"sh","ix":1,"ks":{"a":0,"k":{"i":[[-1.613,0.303],[13.872,-3.174],[-2.172,-0.015],[8.045,-2.931]],"o":[[13.048,-2.453],[-2.171,0.497],[9.036,0.062],[-1.539,0.56]],"v":[[-2.784,19.268],[-8.093,-16.397],[-7.574,-12.566],[-3.459,16.819]],"c":true},"ix":2},"nm":"Path 1","mn":"ADBE Vector Shape - Group","hd":false},{"ty":"fl","c":{"a":0,"k":[0.926064285578,0.672988712086,0.520378322227,1],"ix":4},"o":{"a":0,"k":100,"ix":5},"r":1,"bm":0,"nm":"Fill 1","mn":"ADBE Vector Graphic - Fill","hd":false},{"ty":"tr","p":{"a":0,"k":[218.991,143.964],"ix":2},"a":{"a":0,"k":[0,0],"ix":1},"s":{"a":0,"k":[100,100],"ix":3},"r":{"a":0,"k":0,"ix":6},"o":{"a":0,"k":100,"ix":7},"sk":{"a":0,"k":0,"ix":4},"sa":{"a":0,"k":0,"ix":5},"nm":"Transform"}],"nm":"Group 22","np":2,"cix":2,"bm":0,"ix":22,"mn":"ADBE Vector Group","hd":false},{"ty":"gr","it":[{"ind":0,"ty":"sh","ix":1,"ks":{"a":0,"k":{"i":[[-30.15,-37.901],[2.52,-5.671],[6.03,-1.47]],"o":[[7.831,9.844],[-2.522,5.671],[-40.318,9.832]],"v":[[20.446,-9.621],[25.338,25.595],[12.041,37.69]],"c":true},"ix":2},"nm":"Path 1","mn":"ADBE Vector Shape - Group","hd":false},{"ty":"fl","c":{"a":0,"k":[0.974406463025,0.795256969975,0.643597830978,1],"ix":4},"o":{"a":0,"k":100,"ix":5},"r":1,"bm":0,"nm":"Fill 1","mn":"ADBE Vector Graphic - Fill","hd":false},{"ty":"tr","p":{"a":0,"k":[203.629,135.558],"ix":2},"a":{"a":0,"k":[0,0],"ix":1},"s":{"a":0,"k":[100,100],"ix":3},"r":{"a":0,"k":0,"ix":6},"o":{"a":0,"k":100,"ix":7},"sk":{"a":0,"k":0,"ix":4},"sa":{"a":0,"k":0,"ix":5},"nm":"Transform"}],"nm":"Group 23","np":2,"cix":2,"bm":0,"ix":23,"mn":"ADBE Vector Group","hd":false},{"ty":"gr","it":[{"ind":0,"ty":"sh","ix":1,"ks":{"a":0,"k":{"i":[[1.171,0.731],[-8.774,-1.807],[2.119,0.997],[-12.577,-5.24]],"o":[[-7.245,-4.523],[2.03,0.418],[-12.987,-6.11],[1.37,0.57]],"v":[[-0.033,17.358],[9.967,-10.575],[11.471,-14.14],[-1.012,19.68]],"c":true},"ix":2},"nm":"Path 1","mn":"ADBE Vector Shape - Group","hd":false},{"ty":"fl","c":{"a":0,"k":[0.926064285578,0.672988712086,0.520378322227,1],"ix":4},"o":{"a":0,"k":100,"ix":5},"r":1,"bm":0,"nm":"Fill 1","mn":"ADBE Vector Graphic - Fill","hd":false},{"ty":"tr","p":{"a":0,"k":[14.834,122.234],"ix":2},"a":{"a":0,"k":[0,0],"ix":1},"s":{"a":0,"k":[100,100],"ix":3},"r":{"a":0,"k":0,"ix":6},"o":{"a":0,"k":100,"ix":7},"sk":{"a":0,"k":0,"ix":4},"sa":{"a":0,"k":0,"ix":5},"nm":"Transform"}],"nm":"Group 24","np":2,"cix":2,"bm":0,"ix":24,"mn":"ADBE Vector Group","hd":false},{"ty":"gr","it":[{"ind":0,"ty":"sh","ix":1,"ks":{"a":0,"k":{"i":[[37.407,-30.76],[-1.28,-6.073],[-5.589,-2.698]],"o":[[-9.716,7.99],[1.28,6.072],[37.372,18.043]],"v":[[-11.991,-17.653],[-24.136,15.763],[-13.662,30.37]],"c":true},"ix":2},"nm":"Path 1","mn":"ADBE Vector Shape - Group","hd":false},{"ty":"fl","c":{"a":0,"k":[0.974406463025,0.795256969975,0.643597830978,1],"ix":4},"o":{"a":0,"k":100,"ix":5},"r":1,"bm":0,"nm":"Fill 1","mn":"ADBE Vector Graphic - Fill","hd":false},{"ty":"tr","p":{"a":0,"k":[25.666,121.352],"ix":2},"a":{"a":0,"k":[0,0],"ix":1},"s":{"a":0,"k":[100,100],"ix":3},"r":{"a":0,"k":0,"ix":6},"o":{"a":0,"k":100,"ix":7},"sk":{"a":0,"k":0,"ix":4},"sa":{"a":0,"k":0,"ix":5},"nm":"Transform"}],"nm":"Group 25","np":2,"cix":2,"bm":0,"ix":25,"mn":"ADBE Vector Group","hd":false}],"ip":0,"op":1000,"st":0,"bm":0},{"ddd":0,"ind":3,"ty":4,"nm":"Gift Outlines","sr":1,"ks":{"o":{"a":0,"k":100,"ix":11},"r":{"a":0,"k":0,"ix":10},"p":{"a":1,"k":[{"i":{"x":0.667,"y":1},"o":{"x":0.333,"y":0},"t":0,"s":[262.476,248.924,0],"to":[0,-16.667,0],"ti":[0,0,0]},{"i":{"x":0.667,"y":1},"o":{"x":0.333,"y":0},"t":25,"s":[262.476,148.924,0],"to":[0,0,0],"ti":[0,-16.667,0]},{"t":50,"s":[262.476,248.924,0]}],"ix":2,"x":"var $bm_rt;\n$bm_rt = loopOut('cycle', 0);"},"a":{"a":0,"k":[96.935,127.435,0],"ix":1},"s":{"a":0,"k":[100,100,100],"ix":6}},"ao":0,"shapes":[{"ty":"gr","it":[{"ind":0,"ty":"sh","ix":1,"ks":{"a":0,"k":{"i":[[-1.548,-0.088],[-1.287,0.045],[1.753,0.06],[1.284,-0.073]],"o":[[1.284,0.072],[1.75,-0.06],[-1.287,-0.044],[-1.545,0.087]],"v":[[-2.038,1.202],[1.833,1.36],[1.833,-1.361],[-2.038,-1.202]],"c":true},"ix":2},"nm":"Path 1","mn":"ADBE Vector Shape - Group","hd":false},{"ty":"fl","c":{"a":0,"k":[0.810424206304,0.104290539611,0.104290539611,1],"ix":4},"o":{"a":0,"k":100,"ix":5},"r":1,"bm":0,"nm":"Fill 1","mn":"ADBE Vector Graphic - Fill","hd":false},{"ty":"tr","p":{"a":0,"k":[98.105,221.72],"ix":2},"a":{"a":0,"k":[0,0],"ix":1},"s":{"a":0,"k":[100,100],"ix":3},"r":{"a":0,"k":0,"ix":6},"o":{"a":0,"k":100,"ix":7},"sk":{"a":0,"k":0,"ix":4},"sa":{"a":0,"k":0,"ix":5},"nm":"Transform"}],"nm":"Group 1","np":2,"cix":2,"bm":0,"ix":1,"mn":"ADBE Vector Group","hd":false},{"ty":"gr","it":[{"ind":0,"ty":"sh","ix":1,"ks":{"a":0,"k":{"i":[[-1.3,0.103],[-0.971,1.195],[0.479,0.352],[1.389,-0.247]],"o":[[1.405,-0.111],[0.375,-0.463],[-1.243,-0.914],[-1.274,0.226]],"v":[[-1.636,1.579],[2.843,0.536],[2.668,-0.817],[-1.944,-0.693]],"c":true},"ix":2},"nm":"Path 1","mn":"ADBE Vector Shape - Group","hd":false},{"ty":"fl","c":{"a":0,"k":[0.810424206304,0.104290539611,0.104290539611,1],"ix":4},"o":{"a":0,"k":100,"ix":5},"r":1,"bm":0,"nm":"Fill 1","mn":"ADBE Vector Graphic - Fill","hd":false},{"ty":"tr","p":{"a":0,"k":[98.682,229.127],"ix":2},"a":{"a":0,"k":[0,0],"ix":1},"s":{"a":0,"k":[100,100],"ix":3},"r":{"a":0,"k":0,"ix":6},"o":{"a":0,"k":100,"ix":7},"sk":{"a":0,"k":0,"ix":4},"sa":{"a":0,"k":0,"ix":5},"nm":"Transform"}],"nm":"Group 2","np":2,"cix":2,"bm":0,"ix":2,"mn":"ADBE Vector Group","hd":false},{"ty":"gr","it":[{"ind":0,"ty":"sh","ix":1,"ks":{"a":0,"k":{"i":[[-0.99,0.064],[-1.676,0.109],[-1.161,0.876],[0.582,0.273],[1.426,-0.211],[1.767,-0.261]],"o":[[1.676,-0.108],[1.396,-0.09],[0.411,-0.311],[-1.343,-0.627],[-1.768,0.261],[-0.982,0.145]],"v":[[-4.234,1.519],[0.793,1.194],[4.869,0.376],[4.869,-0.956],[0.834,-1.001],[-4.469,-0.218]],"c":true},"ix":2},"nm":"Path 1","mn":"ADBE Vector Shape - Group","hd":false},{"ty":"fl","c":{"a":0,"k":[0.810424206304,0.104290539611,0.104290539611,1],"ix":4},"o":{"a":0,"k":100,"ix":5},"r":1,"bm":0,"nm":"Fill 1","mn":"ADBE Vector Graphic - Fill","hd":false},{"ty":"tr","p":{"a":0,"k":[100.786,236.572],"ix":2},"a":{"a":0,"k":[0,0],"ix":1},"s":{"a":0,"k":[100,100],"ix":3},"r":{"a":0,"k":0,"ix":6},"o":{"a":0,"k":100,"ix":7},"sk":{"a":0,"k":0,"ix":4},"sa":{"a":0,"k":0,"ix":5},"nm":"Transform"}],"nm":"Group 3","np":2,"cix":2,"bm":0,"ix":3,"mn":"ADBE Vector Group","hd":false},{"ty":"gr","it":[{"ind":0,"ty":"sh","ix":1,"ks":{"a":0,"k":{"i":[[-1.489,0.05],[-5.06,2.086],[1.015,0.019],[5.415,-0.586]],"o":[[5.409,-0.182],[0.83,-0.343],[-5.444,-0.105],[-1.417,0.153]],"v":[[-8.026,2.081],[8.685,-0.378],[8.462,-2.026],[-8.026,-0.187]],"c":true},"ix":2},"nm":"Path 1","mn":"ADBE Vector Shape - Group","hd":false},{"ty":"fl","c":{"a":0,"k":[0.810424206304,0.104290539611,0.104290539611,1],"ix":4},"o":{"a":0,"k":100,"ix":5},"r":1,"bm":0,"nm":"Fill 1","mn":"ADBE Vector Graphic - Fill","hd":false},{"ty":"tr","p":{"a":0,"k":[105.053,243.874],"ix":2},"a":{"a":0,"k":[0,0],"ix":1},"s":{"a":0,"k":[100,100],"ix":3},"r":{"a":0,"k":0,"ix":6},"o":{"a":0,"k":100,"ix":7},"sk":{"a":0,"k":0,"ix":4},"sa":{"a":0,"k":0,"ix":5},"nm":"Transform"}],"nm":"Group 4","np":2,"cix":2,"bm":0,"ix":4,"mn":"ADBE Vector Group","hd":false},{"ty":"gr","it":[{"ind":0,"ty":"sh","ix":1,"ks":{"a":0,"k":{"i":[[-1.808,-0.208],[-1.301,0.735],[0.854,0.483],[1.425,-0.164]],"o":[[1.425,0.164],[0.854,-0.483],[-1.301,-0.735],[-1.804,0.208]],"v":[[-1.548,1.406],[2.503,1.136],[2.503,-1.136],[-1.548,-1.406]],"c":true},"ix":2},"nm":"Path 1","mn":"ADBE Vector Shape - Group","hd":false},{"ty":"fl","c":{"a":0,"k":[0.810424206304,0.104290539611,0.104290539611,1],"ix":4},"o":{"a":0,"k":100,"ix":5},"r":1,"bm":0,"nm":"Fill 1","mn":"ADBE Vector Graphic - Fill","hd":false},{"ty":"tr","p":{"a":0,"k":[94.713,183.498],"ix":2},"a":{"a":0,"k":[0,0],"ix":1},"s":{"a":0,"k":[100,100],"ix":3},"r":{"a":0,"k":0,"ix":6},"o":{"a":0,"k":100,"ix":7},"sk":{"a":0,"k":0,"ix":4},"sa":{"a":0,"k":0,"ix":5},"nm":"Transform"}],"nm":"Group 5","np":2,"cix":2,"bm":0,"ix":5,"mn":"ADBE Vector Group","hd":false},{"ty":"gr","it":[{"ind":0,"ty":"sh","ix":1,"ks":{"a":0,"k":{"i":[[-0.994,0.072],[-1.339,0.592],[0.687,0.116],[1.422,-0.253]],"o":[[1.445,-0.104],[0.641,-0.283],[-1.44,-0.244],[-0.975,0.174]],"v":[[-1.862,1.174],[2.431,0.53],[2.232,-1.002],[-2.098,-0.563]],"c":true},"ix":2},"nm":"Path 1","mn":"ADBE Vector Shape - Group","hd":false},{"ty":"fl","c":{"a":0,"k":[0.810424206304,0.104290539611,0.104290539611,1],"ix":4},"o":{"a":0,"k":100,"ix":5},"r":1,"bm":0,"nm":"Fill 1","mn":"ADBE Vector Graphic - Fill","hd":false},{"ty":"tr","p":{"a":0,"k":[94.059,175.951],"ix":2},"a":{"a":0,"k":[0,0],"ix":1},"s":{"a":0,"k":[100,100],"ix":3},"r":{"a":0,"k":0,"ix":6},"o":{"a":0,"k":100,"ix":7},"sk":{"a":0,"k":0,"ix":4},"sa":{"a":0,"k":0,"ix":5},"nm":"Transform"}],"nm":"Group 6","np":2,"cix":2,"bm":0,"ix":6,"mn":"ADBE Vector Group","hd":false},{"ty":"gr","it":[{"ind":0,"ty":"sh","ix":1,"ks":{"a":0,"k":{"i":[[-1.402,-0.104],[-1.682,-0.024],[-1.17,0.898],[0.576,0.442],[1.402,-0.021],[1.677,-0.125]],"o":[[1.677,0.125],[1.402,0.021],[0.576,-0.442],[-1.17,-0.898],[-1.682,0.024],[-1.399,0.104]],"v":[[-4.17,1.089],[0.854,1.344],[4.997,0.783],[4.997,-0.783],[0.854,-1.344],[-4.17,-1.088]],"c":true},"ix":2},"nm":"Path 1","mn":"ADBE Vector Shape - Group","hd":false},{"ty":"fl","c":{"a":0,"k":[0.810424206304,0.104290539611,0.104290539611,1],"ix":4},"o":{"a":0,"k":100,"ix":5},"r":1,"bm":0,"nm":"Fill 1","mn":"ADBE Vector Graphic - Fill","hd":false},{"ty":"tr","p":{"a":0,"k":[94.432,169.468],"ix":2},"a":{"a":0,"k":[0,0],"ix":1},"s":{"a":0,"k":[100,100],"ix":3},"r":{"a":0,"k":0,"ix":6},"o":{"a":0,"k":100,"ix":7},"sk":{"a":0,"k":0,"ix":4},"sa":{"a":0,"k":0,"ix":5},"nm":"Transform"}],"nm":"Group 7","np":2,"cix":2,"bm":0,"ix":7,"mn":"ADBE Vector Group","hd":false},{"ty":"gr","it":[{"ind":0,"ty":"sh","ix":1,"ks":{"a":0,"k":{"i":[[-1.045,-0.083],[-3.907,0.251],[-3.225,1.196],[1.261,0.266],[3.664,-0.309],[3.672,-0.851]],"o":[[3.914,0.311],[3.421,-0.219],[1.018,-0.377],[-3.619,-0.761],[-3.748,0.316],[-1.128,0.262]],"v":[[-10.958,2.099],[0.738,1.839],[11.084,0.669],[11.084,-1.649],[-0.097,-1.259],[-11.217,0.183]],"c":true},"ix":2},"nm":"Path 1","mn":"ADBE Vector Shape - Group","hd":false},{"ty":"fl","c":{"a":0,"k":[0.810424206304,0.104290539611,0.104290539611,1],"ix":4},"o":{"a":0,"k":100,"ix":5},"r":1,"bm":0,"nm":"Fill 1","mn":"ADBE Vector Graphic - Fill","hd":false},{"ty":"tr","p":{"a":0,"k":[99.311,163.374],"ix":2},"a":{"a":0,"k":[0,0],"ix":1},"s":{"a":0,"k":[100,100],"ix":3},"r":{"a":0,"k":0,"ix":6},"o":{"a":0,"k":100,"ix":7},"sk":{"a":0,"k":0,"ix":4},"sa":{"a":0,"k":0,"ix":5},"nm":"Transform"}],"nm":"Group 8","np":2,"cix":2,"bm":0,"ix":8,"mn":"ADBE Vector Group","hd":false},{"ty":"gr","it":[{"ind":0,"ty":"sh","ix":1,"ks":{"a":0,"k":{"i":[[0.3,-1.524],[-1.203,-1.808],[-2.082,0.952],[0.221,0.417],[0.835,1.03],[-0.16,1.43]],"o":[[-0.416,2.112],[1.11,1.668],[0.481,-0.22],[-0.639,-1.207],[-0.92,-1.135],[0.174,-1.542]],"v":[[-3.166,-3.905],[-2.015,2.167],[3.019,4.477],[3.361,3.174],[0.627,0.385],[-0.45,-3.537]],"c":true},"ix":2},"nm":"Path 1","mn":"ADBE Vector Shape - Group","hd":false},{"ty":"fl","c":{"a":0,"k":[0.810424206304,0.104290539611,0.104290539611,1],"ix":4},"o":{"a":0,"k":100,"ix":5},"r":1,"bm":0,"nm":"Fill 1","mn":"ADBE Vector Graphic - Fill","hd":false},{"ty":"tr","p":{"a":0,"k":[101.289,101.885],"ix":2},"a":{"a":0,"k":[0,0],"ix":1},"s":{"a":0,"k":[100,100],"ix":3},"r":{"a":0,"k":0,"ix":6},"o":{"a":0,"k":100,"ix":7},"sk":{"a":0,"k":0,"ix":4},"sa":{"a":0,"k":0,"ix":5},"nm":"Transform"}],"nm":"Group 9","np":2,"cix":2,"bm":0,"ix":9,"mn":"ADBE Vector Group","hd":false},{"ty":"gr","it":[{"ind":0,"ty":"sh","ix":1,"ks":{"a":0,"k":{"i":[[0.312,-1.241],[-2.242,-2.999],[-2.143,2.32],[0.986,0.148],[1.06,1.817],[-0.298,2.249]],"o":[[-0.841,3.343],[1.603,2.143],[0.57,-0.617],[-1.88,-0.282],[-1.213,-2.077],[0.173,-1.303]],"v":[[-3.377,-6.444],[-2.792,3.851],[4.464,5.365],[3.914,3.28],[-0.703,1.018],[-1.105,-6.137]],"c":true},"ix":2},"nm":"Path 1","mn":"ADBE Vector Shape - Group","hd":false},{"ty":"fl","c":{"a":0,"k":[0.810424206304,0.104290539611,0.104290539611,1],"ix":4},"o":{"a":0,"k":100,"ix":5},"r":1,"bm":0,"nm":"Fill 1","mn":"ADBE Vector Graphic - Fill","hd":false},{"ty":"tr","p":{"a":0,"k":[95.853,102.988],"ix":2},"a":{"a":0,"k":[0,0],"ix":1},"s":{"a":0,"k":[100,100],"ix":3},"r":{"a":0,"k":0,"ix":6},"o":{"a":0,"k":100,"ix":7},"sk":{"a":0,"k":0,"ix":4},"sa":{"a":0,"k":0,"ix":5},"nm":"Transform"}],"nm":"Group 10","np":2,"cix":2,"bm":0,"ix":10,"mn":"ADBE Vector Group","hd":false},{"ty":"gr","it":[{"ind":0,"ty":"sh","ix":1,"ks":{"a":0,"k":{"i":[[1.379,-0.024],[-1.682,-5.162],[-4.765,3.423],[1.467,0.232],[2.194,3.2],[-3.99,0.542]],"o":[[-5.464,0.098],[1.613,4.958],[0.956,-0.686],[-3.269,-0.517],[-2.285,-3.333],[1.405,-0.191]],"v":[[0.953,-9.905],[-6.485,0.769],[7.075,6.506],[6.7,3.646],[-2.24,0.647],[1.285,-7.454]],"c":true},"ix":2},"nm":"Path 1","mn":"ADBE Vector Shape - Group","hd":false},{"ty":"fl","c":{"a":0,"k":[0.810424206304,0.104290539611,0.104290539611,1],"ix":4},"o":{"a":0,"k":100,"ix":5},"r":1,"bm":0,"nm":"Fill 1","mn":"ADBE Vector Graphic - Fill","hd":false},{"ty":"tr","p":{"a":0,"k":[88.399,104.431],"ix":2},"a":{"a":0,"k":[0,0],"ix":1},"s":{"a":0,"k":[100,100],"ix":3},"r":{"a":0,"k":0,"ix":6},"o":{"a":0,"k":100,"ix":7},"sk":{"a":0,"k":0,"ix":4},"sa":{"a":0,"k":0,"ix":5},"nm":"Transform"}],"nm":"Group 11","np":2,"cix":2,"bm":0,"ix":11,"mn":"ADBE Vector Group","hd":false},{"ty":"gr","it":[{"ind":0,"ty":"sh","ix":1,"ks":{"a":0,"k":{"i":[[2.876,-0.091],[8.179,-10.561],[0.556,-6.797],[10.16,-2.589],[0,0],[0.749,10.341],[-12.841,14.927]],"o":[[-13.706,0.432],[-4.149,5.359],[-0.362,4.434],[0,0],[11.551,0.786],[-1.691,-23.342],[1.664,-1.934]],"v":[[29.089,-32.907],[-12.492,-12.978],[-17.967,6.192],[-32.958,16.87],[-26.506,32.211],[-5.562,11.657],[31.294,-27.583]],"c":true},"ix":2},"nm":"Path 1","mn":"ADBE Vector Shape - Group","hd":false},{"ty":"fl","c":{"a":0,"k":[0.959242996515,0.123237617343,0.126113682167,1],"ix":4},"o":{"a":0,"k":100,"ix":5},"r":1,"bm":0,"nm":"Fill 1","mn":"ADBE Vector Graphic - Fill","hd":false},{"ty":"tr","p":{"a":0,"k":[59.255,131.386],"ix":2},"a":{"a":0,"k":[0,0],"ix":1},"s":{"a":0,"k":[100,100],"ix":3},"r":{"a":0,"k":0,"ix":6},"o":{"a":0,"k":100,"ix":7},"sk":{"a":0,"k":0,"ix":4},"sa":{"a":0,"k":0,"ix":5},"nm":"Transform"}],"nm":"Group 12","np":2,"cix":2,"bm":0,"ix":12,"mn":"ADBE Vector Group","hd":false},{"ty":"gr","it":[{"ind":0,"ty":"sh","ix":1,"ks":{"a":0,"k":{"i":[[-3.987,1.037],[-8.372,-11.807],[-4.352,-4.464],[-9.386,2.334],[0,0],[7.755,9.855],[6.202,4.2],[10.872,-7.691]],"o":[[13.359,-3.476],[3.571,5.036],[8.525,8.743],[0,0],[-10.619,-2.818],[-4.516,-5.74],[-10.896,-7.378],[-3.088,2.184]],"v":[[-34.823,-12.87],[-1.185,-2.74],[9.44,12.399],[38.464,24.548],[40.577,7.734],[13.794,-2.68],[-0.569,-18.68],[-37.488,-19.191]],"c":true},"ix":2},"nm":"Path 1","mn":"ADBE Vector Shape - Group","hd":false},{"ty":"fl","c":{"a":0,"k":[0.959242996515,0.123237617343,0.126113682167,1],"ix":4},"o":{"a":0,"k":100,"ix":5},"r":1,"bm":0,"nm":"Fill 1","mn":"ADBE Vector Graphic - Fill","hd":false},{"ty":"tr","p":{"a":0,"k":[132.595,123.185],"ix":2},"a":{"a":0,"k":[0,0],"ix":1},"s":{"a":0,"k":[100,100],"ix":3},"r":{"a":0,"k":0,"ix":6},"o":{"a":0,"k":100,"ix":7},"sk":{"a":0,"k":0,"ix":4},"sa":{"a":0,"k":0,"ix":5},"nm":"Transform"}],"nm":"Group 13","np":2,"cix":2,"bm":0,"ix":13,"mn":"ADBE Vector Group","hd":false},{"ty":"gr","it":[{"ind":0,"ty":"sh","ix":1,"ks":{"a":0,"k":{"i":[[-0.356,3.485],[-2.353,18.424],[-11.935,-0.559],[-8.077,-2.255],[1.446,3.554],[14.115,-26.932],[-5.084,7.108],[-15.951,25.903],[4.425,1.236],[8.085,-21.386],[0.181,-11.441],[0.33,-15.014]],"o":[[1.889,-18.478],[1.254,-9.816],[8.401,0.393],[-1.446,-3.553],[-15.946,25.897],[-4.16,7.939],[17.696,-24.738],[2.475,-4.019],[-15.238,-4.255],[-4.124,10.91],[-0.238,15.015],[-0.081,3.641]],"v":[[-25.07,43.813],[-18.923,-11.604],[-4.795,-31.508],[22.796,-23.599],[18.459,-34.26],[-29.307,44.068],[-17.46,50.994],[30.992,-26.933],[26.655,-37.594],[-26.797,-36.716],[-30.039,-1.224],[-30.626,43.813]],"c":true},"ix":2},"nm":"Path 1","mn":"ADBE Vector Shape - Group","hd":false},{"ty":"fl","c":{"a":0,"k":[0.959242996515,0.123237617343,0.126113682167,1],"ix":4},"o":{"a":0,"k":100,"ix":5},"r":1,"bm":0,"nm":"Fill 1","mn":"ADBE Vector Graphic - Fill","hd":false},{"ty":"tr","p":{"a":0,"k":[120.201,58.352],"ix":2},"a":{"a":0,"k":[0,0],"ix":1},"s":{"a":0,"k":[100,100],"ix":3},"r":{"a":0,"k":0,"ix":6},"o":{"a":0,"k":100,"ix":7},"sk":{"a":0,"k":0,"ix":4},"sa":{"a":0,"k":0,"ix":5},"nm":"Transform"}],"nm":"Group 14","np":2,"cix":2,"bm":0,"ix":14,"mn":"ADBE Vector Group","hd":false},{"ty":"gr","it":[{"ind":0,"ty":"sh","ix":1,"ks":{"a":0,"k":{"i":[[1.785,2.331],[20.646,3.351],[0,0],[-5.527,5.32],[-3.811,-5.89],[-7.747,-9.73],[0.372,4.602],[6.215,10.271],[10.492,2.848],[-3.208,-15.753],[-3.04,-0.332],[-19.544,-6.714]],"o":[[-13.23,-17.278],[0,0],[-1.048,-7.014],[7.687,-7.4],[6.825,10.549],[2.952,3.706],[-0.983,-12.178],[-5.149,-8.509],[-23.818,-6.464],[0.681,3.347],[21.119,2.3],[2.587,0.888]],"v":[[34.525,32.88],[-24.212,4.536],[-19.167,9.582],[-14.436,-14.423],[3.087,-2.887],[21.714,30.157],[31.199,26.228],[16.409,-8.316],[-5.875,-32.218],[-33.102,13.424],[-26.135,18.73],[30.747,37.794]],"c":true},"ix":2},"nm":"Path 1","mn":"ADBE Vector Shape - Group","hd":false},{"ty":"fl","c":{"a":0,"k":[0.959242996515,0.123237617343,0.126113682167,1],"ix":4},"o":{"a":0,"k":100,"ix":5},"r":1,"bm":0,"nm":"Fill 1","mn":"ADBE Vector Graphic - Fill","hd":false},{"ty":"tr","p":{"a":0,"k":[66.513,72.957],"ix":2},"a":{"a":0,"k":[0,0],"ix":1},"s":{"a":0,"k":[100,100],"ix":3},"r":{"a":0,"k":0,"ix":6},"o":{"a":0,"k":100,"ix":7},"sk":{"a":0,"k":0,"ix":4},"sa":{"a":0,"k":0,"ix":5},"nm":"Transform"}],"nm":"Group 15","np":2,"cix":2,"bm":0,"ix":15,"mn":"ADBE Vector Group","hd":false},{"ty":"gr","it":[{"ind":0,"ty":"sh","ix":1,"ks":{"a":0,"k":{"i":[[0,0],[0,0],[0,0],[0,0]],"o":[[0,0],[0,0],[0,0],[0,0]],"v":[[-24.76,-70.551],[-7.27,74.361],[24.76,71.25],[13.326,-74.361]],"c":true},"ix":2},"nm":"Path 1","mn":"ADBE Vector Shape - Group","hd":false},{"ty":"fl","c":{"a":0,"k":[0.959242996515,0.123237617343,0.126113682167,1],"ix":4},"o":{"a":0,"k":100,"ix":5},"r":1,"bm":0,"nm":"Fill 1","mn":"ADBE Vector Graphic - Fill","hd":false},{"ty":"tr","p":{"a":0,"k":[100.175,175.958],"ix":2},"a":{"a":0,"k":[0,0],"ix":1},"s":{"a":0,"k":[100,100],"ix":3},"r":{"a":0,"k":0,"ix":6},"o":{"a":0,"k":100,"ix":7},"sk":{"a":0,"k":0,"ix":4},"sa":{"a":0,"k":0,"ix":5},"nm":"Transform"}],"nm":"Group 16","np":2,"cix":2,"bm":0,"ix":16,"mn":"ADBE Vector Group","hd":false},{"ty":"gr","it":[{"ind":0,"ty":"sh","ix":1,"ks":{"a":0,"k":{"i":[[0,0],[0,0],[0,0],[0,0],[0,0],[0,0]],"o":[[0,0],[0,0],[0,0],[0,0],[0,0],[0,0]],"v":[[-79.996,-28.374],[-74.408,8.234],[96.684,10.446],[96.684,17.128],[-90.766,28.374],[-96.684,-26.741]],"c":true},"ix":2},"nm":"Path 1","mn":"ADBE Vector Shape - Group","hd":false},{"ty":"fl","c":{"a":0,"k":[0.940282066196,0.632228956036,0.133689042634,1],"ix":4},"o":{"a":0,"k":100,"ix":5},"r":1,"bm":0,"nm":"Fill 1","mn":"ADBE Vector Graphic - Fill","hd":false},{"ty":"tr","p":{"a":0,"k":[96.935,139.5],"ix":2},"a":{"a":0,"k":[0,0],"ix":1},"s":{"a":0,"k":[100,100],"ix":3},"r":{"a":0,"k":0,"ix":6},"o":{"a":0,"k":100,"ix":7},"sk":{"a":0,"k":0,"ix":4},"sa":{"a":0,"k":0,"ix":5},"nm":"Transform"}],"nm":"Group 17","np":2,"cix":2,"bm":0,"ix":17,"mn":"ADBE Vector Group","hd":false},{"ty":"gr","it":[{"ind":0,"ty":"sh","ix":1,"ks":{"a":0,"k":{"i":[[0,0],[0,0],[0,0],[0,0]],"o":[[0,0],[5.226,-0.735],[0,0],[0,0]],"v":[[-96.685,-18.102],[-90.766,37.014],[96.685,25.767],[96.685,-37.014]],"c":true},"ix":2},"nm":"Path 1","mn":"ADBE Vector Shape - Group","hd":false},{"ty":"fl","c":{"a":0,"k":[1,0.702368762446,0.137433205399,1],"ix":4},"o":{"a":0,"k":100,"ix":5},"r":1,"bm":0,"nm":"Fill 1","mn":"ADBE Vector Graphic - Fill","hd":false},{"ty":"tr","p":{"a":0,"k":[96.935,130.86],"ix":2},"a":{"a":0,"k":[0,0],"ix":1},"s":{"a":0,"k":[100,100],"ix":3},"r":{"a":0,"k":0,"ix":6},"o":{"a":0,"k":100,"ix":7},"sk":{"a":0,"k":0,"ix":4},"sa":{"a":0,"k":0,"ix":5},"nm":"Transform"}],"nm":"Group 18","np":2,"cix":2,"bm":0,"ix":18,"mn":"ADBE Vector Group","hd":false},{"ty":"gr","it":[{"ind":0,"ty":"sh","ix":1,"ks":{"a":0,"k":{"i":[[-4.296,-3.106],[0.087,-2.351],[3.948,3.252],[16.082,17.3],[-1.48,0.203],[-16.373,-13.237]],"o":[[-0.058,2.38],[-4.093,-3.338],[-18.259,-15.066],[1.509,-0.175],[14.747,14.978],[4.122,3.339]],"v":[[31.888,22.468],[31.656,29.551],[19.58,19.652],[-31.888,-28.97],[-27.389,-29.551],[19.261,12.83]],"c":true},"ix":2},"nm":"Path 1","mn":"ADBE Vector Shape - Group","hd":false},{"ty":"fl","c":{"a":0,"k":[1,0.702368762446,0.137433205399,1],"ix":4},"o":{"a":0,"k":100,"ix":5},"r":1,"bm":0,"nm":"Fill 1","mn":"ADBE Vector Graphic - Fill","hd":false},{"ty":"tr","p":{"a":0,"k":[145.388,161.254],"ix":2},"a":{"a":0,"k":[0,0],"ix":1},"s":{"a":0,"k":[100,100],"ix":3},"r":{"a":0,"k":0,"ix":6},"o":{"a":0,"k":100,"ix":7},"sk":{"a":0,"k":0,"ix":4},"sa":{"a":0,"k":0,"ix":5},"nm":"Transform"}],"nm":"Group 19","np":2,"cix":2,"bm":0,"ix":19,"mn":"ADBE Vector Group","hd":false},{"ty":"gr","it":[{"ind":0,"ty":"sh","ix":1,"ks":{"a":0,"k":{"i":[[-7.577,-5.573],[0.116,-2.642],[7.983,6.444],[25.139,22.584],[0.029,0.058],[-1.858,-1.568],[-0.812,-0.667],[-25.081,-19.682]],"o":[[-0.145,3.019],[-8.128,-6.532],[-26.3,-21.191],[-0.058,-0.058],[-1.625,-1.713],[0.813,0.668],[24.327,20.552],[7.344,5.777]],"v":[[51.743,36.242],[51.337,44.777],[27.185,25.212],[-49.974,-40.423],[-50.118,-40.568],[-47.187,-43.21],[-44.778,-41.178],[29.275,19.26]],"c":true},"ix":2},"nm":"Path 1","mn":"ADBE Vector Shape - Group","hd":false},{"ty":"fl","c":{"a":0,"k":[1,0.702368762446,0.137433205399,1],"ix":4},"o":{"a":0,"k":100,"ix":5},"r":1,"bm":0,"nm":"Fill 1","mn":"ADBE Vector Graphic - Fill","hd":false},{"ty":"tr","p":{"a":0,"k":[124.372,177.64],"ix":2},"a":{"a":0,"k":[0,0],"ix":1},"s":{"a":0,"k":[100,100],"ix":3},"r":{"a":0,"k":0,"ix":6},"o":{"a":0,"k":100,"ix":7},"sk":{"a":0,"k":0,"ix":4},"sa":{"a":0,"k":0,"ix":5},"nm":"Transform"}],"nm":"Group 20","np":2,"cix":2,"bm":0,"ix":20,"mn":"ADBE Vector Group","hd":false},{"ty":"gr","it":[{"ind":0,"ty":"sh","ix":1,"ks":{"a":0,"k":{"i":[[-16.227,-11.901],[0,0],[14.892,11.351],[26.474,20.756],[-1.684,-1.248],[-28.332,-21.104]],"o":[[0,0],[-15.124,-11.582],[-26.735,-20.406],[-1.654,-1.335],[28.128,21.366],[15.966,11.873]],"v":[[68.812,49.479],[57.374,50.553],[12.583,15.486],[-67.158,-46.345],[-64.865,-49.306],[19.84,14.354]],"c":true},"ix":2},"nm":"Path 1","mn":"ADBE Vector Shape - Group","hd":false},{"ty":"fl","c":{"a":0,"k":[1,0.702368762446,0.137433205399,1],"ix":4},"o":{"a":0,"k":100,"ix":5},"r":1,"bm":0,"nm":"Fill 1","mn":"ADBE Vector Graphic - Fill","hd":false},{"ty":"tr","p":{"a":0,"k":[100.075,191.545],"ix":2},"a":{"a":0,"k":[0,0],"ix":1},"s":{"a":0,"k":[100,100],"ix":3},"r":{"a":0,"k":0,"ix":6},"o":{"a":0,"k":100,"ix":7},"sk":{"a":0,"k":0,"ix":4},"sa":{"a":0,"k":0,"ix":5},"nm":"Transform"}],"nm":"Group 21","np":2,"cix":2,"bm":0,"ix":21,"mn":"ADBE Vector Group","hd":false},{"ty":"gr","it":[{"ind":0,"ty":"sh","ix":1,"ks":{"a":0,"k":{"i":[[-17.301,-14.137],[0,0],[0,0],[14.747,11.641],[15.502,12.337],[0,0],[-16.982,-13.063]],"o":[[0,0],[0,0],[-15.211,-11.96],[-15.53,-12.308],[0,0],[17.04,12.976],[17.301,13.295]],"v":[[52.455,38.942],[39.711,40.161],[39.683,40.161],[-4.877,3.323],[-51.439,-33.63],[-52.455,-40.161],[-1.451,-1.118]],"c":true},"ix":2},"nm":"Path 1","mn":"ADBE Vector Shape - Group","hd":false},{"ty":"fl","c":{"a":0,"k":[1,0.702368762446,0.137433205399,1],"ix":4},"o":{"a":0,"k":100,"ix":5},"r":1,"bm":0,"nm":"Fill 1","mn":"ADBE Vector Graphic - Fill","hd":false},{"ty":"tr","p":{"a":0,"k":[63.803,207.046],"ix":2},"a":{"a":0,"k":[0,0],"ix":1},"s":{"a":0,"k":[100,100],"ix":3},"r":{"a":0,"k":0,"ix":6},"o":{"a":0,"k":100,"ix":7},"sk":{"a":0,"k":0,"ix":4},"sa":{"a":0,"k":0,"ix":5},"nm":"Transform"}],"nm":"Group 22","np":2,"cix":2,"bm":0,"ix":22,"mn":"ADBE Vector Group","hd":false},{"ty":"gr","it":[{"ind":0,"ty":"sh","ix":1,"ks":{"a":0,"k":{"i":[[-8.563,-5.893],[0,0],[6.589,4.819],[8.563,6.125],[0,0],[-10.538,-7.46]],"o":[[0,0],[-6.531,-5.138],[-8.506,-6.183],[0,0],[10.683,7.228],[8.244,5.835]],"v":[[28.652,19.188],[17.649,20.233],[-1.973,5.138],[-27.577,-13.353],[-28.652,-20.233],[3.165,1.771]],"c":true},"ix":2},"nm":"Path 1","mn":"ADBE Vector Shape - Group","hd":false},{"ty":"fl","c":{"a":0,"k":[1,0.702368762446,0.137433205399,1],"ix":4},"o":{"a":0,"k":100,"ix":5},"r":1,"bm":0,"nm":"Fill 1","mn":"ADBE Vector Graphic - Fill","hd":false},{"ty":"tr","p":{"a":0,"k":[46.763,230.661],"ix":2},"a":{"a":0,"k":[0,0],"ix":1},"s":{"a":0,"k":[100,100],"ix":3},"r":{"a":0,"k":0,"ix":6},"o":{"a":0,"k":100,"ix":7},"sk":{"a":0,"k":0,"ix":4},"sa":{"a":0,"k":0,"ix":5},"nm":"Transform"}],"nm":"Group 23","np":2,"cix":2,"bm":0,"ix":23,"mn":"ADBE Vector Group","hd":false},{"ty":"gr","it":[{"ind":0,"ty":"sh","ix":1,"ks":{"a":0,"k":{"i":[[0.174,-8.244],[0,0],[0,0],[0,0],[0,0],[0,0],[0,0],[0,0]],"o":[[0,0],[0,0],[0,0],[0,0],[0,0],[0,0],[0,0],[0.145,6.474]],"v":[[84.895,-35.052],[84.343,-33.398],[-63.645,-25.24],[-53.514,44.951],[81.817,43.325],[-67.941,57.463],[-85.097,-52.876],[84.952,-57.463]],"c":true},"ix":2},"nm":"Path 1","mn":"ADBE Vector Shape - Group","hd":false},{"ty":"fl","c":{"a":0,"k":[0.174418849571,0.509001907648,0.218980901382,1],"ix":4},"o":{"a":0,"k":100,"ix":5},"r":1,"bm":0,"nm":"Fill 1","mn":"ADBE Vector Graphic - Fill","hd":false},{"ty":"tr","p":{"a":0,"k":[92.947,197.156],"ix":2},"a":{"a":0,"k":[0,0],"ix":1},"s":{"a":0,"k":[100,100],"ix":3},"r":{"a":0,"k":0,"ix":6},"o":{"a":0,"k":100,"ix":7},"sk":{"a":0,"k":0,"ix":4},"sa":{"a":0,"k":0,"ix":5},"nm":"Transform"}],"nm":"Group 24","np":2,"cix":2,"bm":0,"ix":24,"mn":"ADBE Vector Group","hd":false},{"ty":"gr","it":[{"ind":0,"ty":"sh","ix":1,"ks":{"a":0,"k":{"i":[[0.174,-8.244],[0.233,-7.315],[0.087,-2.352],[0.29,-7.025],[0.116,-2.641],[0,0],[0,0],[0,0],[-35.357,4.093],[-1.8,0.203],[-11.03,1.452],[-1.481,0.204],[-2.758,2.671],[-0.261,-12.482]],"o":[[-0.116,6.966],[-0.057,2.38],[-0.29,8.157],[-0.146,3.019],[-0.552,10.857],[0,0],[0,0],[0,0],[1.771,-0.204],[11.292,-1.335],[1.51,-0.174],[29.464,-3.86],[1.945,-1.887],[0.145,6.474]],"v":[[84.895,-24.878],[84.343,-3.251],[84.11,3.832],[83.183,26.91],[82.775,35.444],[81.817,53.499],[-67.941,67.637],[-85.097,-42.702],[-18.68,-49.9],[-13.338,-50.511],[20.567,-54.691],[25.067,-55.272],[81.817,-65.751],[84.952,-47.288]],"c":true},"ix":2},"nm":"Path 1","mn":"ADBE Vector Shape - Group","hd":false},{"ty":"fl","c":{"a":0,"k":[0.178190029369,0.587682806277,0.256856462067,1],"ix":4},"o":{"a":0,"k":100,"ix":5},"r":1,"bm":0,"nm":"Fill 1","mn":"ADBE Vector Graphic - Fill","hd":false},{"ty":"tr","p":{"a":0,"k":[92.947,186.982],"ix":2},"a":{"a":0,"k":[0,0],"ix":1},"s":{"a":0,"k":[100,100],"ix":3},"r":{"a":0,"k":0,"ix":6},"o":{"a":0,"k":100,"ix":7},"sk":{"a":0,"k":0,"ix":4},"sa":{"a":0,"k":0,"ix":5},"nm":"Transform"}],"nm":"Group 25","np":2,"cix":2,"bm":0,"ix":25,"mn":"ADBE Vector Group","hd":false}],"ip":0,"op":1000,"st":0,"bm":0},{"ddd":0,"ind":4,"ty":4,"nm":"left hand Outlines","sr":1,"ks":{"o":{"a":0,"k":100,"ix":11},"r":{"a":1,"k":[{"i":{"x":[0.667],"y":[1]},"o":{"x":[0.333],"y":[0]},"t":0,"s":[0]},{"i":{"x":[0.667],"y":[1]},"o":{"x":[0.333],"y":[0]},"t":25,"s":[20]},{"t":50,"s":[0]}],"ix":10,"x":"var $bm_rt;\n$bm_rt = loopOut('cycle', 0);"},"p":{"a":0,"k":[432.341,401.455,0],"ix":2},"a":{"a":0,"k":[213.436,78.234,0],"ix":1},"s":{"a":0,"k":[100,100,100],"ix":6}},"ao":0,"shapes":[{"ty":"gr","it":[{"ind":0,"ty":"sh","ix":1,"ks":{"a":0,"k":{"i":[[-0.765,-1.625],[-4.666,-10.816],[0.079,1.122],[5.033,10.332]],"o":[[5.082,10.792],[0.464,1.076],[-0.812,-11.575],[-0.795,-1.633]],"v":[[-6.794,-15.598],[5.283,17.574],[7.481,16.979],[-4.367,-17.017]],"c":true},"ix":2},"nm":"Path 1","mn":"ADBE Vector Shape - Group","hd":false},{"ty":"fl","c":{"a":0,"k":[0.810424206304,0.104290539611,0.104290539611,1],"ix":4},"o":{"a":0,"k":100,"ix":5},"r":1,"bm":0,"nm":"Fill 1","mn":"ADBE Vector Graphic - Fill","hd":false},{"ty":"tr","p":{"a":0,"k":[157.011,121.511],"ix":2},"a":{"a":0,"k":[0,0],"ix":1},"s":{"a":0,"k":[100,100],"ix":3},"r":{"a":0,"k":0,"ix":6},"o":{"a":0,"k":100,"ix":7},"sk":{"a":0,"k":0,"ix":4},"sa":{"a":0,"k":0,"ix":5},"nm":"Transform"}],"nm":"Group 1","np":2,"cix":2,"bm":0,"ix":1,"mn":"ADBE Vector Group","hd":false},{"ty":"gr","it":[{"ind":0,"ty":"sh","ix":1,"ks":{"a":0,"k":{"i":[[0.044,-1.695],[-0.951,-8.046],[-0.234,1.984],[0.212,8.093]],"o":[[-0.212,8.09],[0.234,1.979],[0.952,-8.046],[-0.045,-1.692]],"v":[[-1.315,-12.482],[-1.543,12.192],[1.542,12.192],[1.315,-12.482]],"c":true},"ix":2},"nm":"Path 1","mn":"ADBE Vector Shape - Group","hd":false},{"ty":"fl","c":{"a":0,"k":[0.810424206304,0.104290539611,0.104290539611,1],"ix":4},"o":{"a":0,"k":100,"ix":5},"r":1,"bm":0,"nm":"Fill 1","mn":"ADBE Vector Graphic - Fill","hd":false},{"ty":"tr","p":{"a":0,"k":[144.304,123.427],"ix":2},"a":{"a":0,"k":[0,0],"ix":1},"s":{"a":0,"k":[100,100],"ix":3},"r":{"a":0,"k":0,"ix":6},"o":{"a":0,"k":100,"ix":7},"sk":{"a":0,"k":0,"ix":4},"sa":{"a":0,"k":0,"ix":5},"nm":"Transform"}],"nm":"Group 2","np":2,"cix":2,"bm":0,"ix":2,"mn":"ADBE Vector Group","hd":false},{"ty":"gr","it":[{"ind":0,"ty":"sh","ix":1,"ks":{"a":0,"k":{"i":[[0.706,-0.071],[11.245,-9.471],[-0.893,0.405],[-15.926,2.326]],"o":[[-14.591,1.466],[-0.873,0.735],[14.077,-6.381],[0.695,-0.101]],"v":[[20.918,-9.772],[-20.906,7.969],[-19.773,9.438],[21.085,-8.535]],"c":true},"ix":2},"nm":"Path 1","mn":"ADBE Vector Shape - Group","hd":false},{"ty":"fl","c":{"a":0,"k":[0.825590485218,0.825590485218,0.825590485218,1],"ix":4},"o":{"a":0,"k":100,"ix":5},"r":1,"bm":0,"nm":"Fill 1","mn":"ADBE Vector Graphic - Fill","hd":false},{"ty":"tr","p":{"a":0,"k":[70.507,82.684],"ix":2},"a":{"a":0,"k":[0,0],"ix":1},"s":{"a":0,"k":[100,100],"ix":3},"r":{"a":0,"k":0,"ix":6},"o":{"a":0,"k":100,"ix":7},"sk":{"a":0,"k":0,"ix":4},"sa":{"a":0,"k":0,"ix":5},"nm":"Transform"}],"nm":"Group 3","np":2,"cix":2,"bm":0,"ix":3,"mn":"ADBE Vector Group","hd":false},{"ty":"gr","it":[{"ind":0,"ty":"sh","ix":1,"ks":{"a":0,"k":{"i":[[0.546,-0.174],[12.312,-8.928],[-1.303,0.573],[-14.236,6.211]],"o":[[-14.41,4.585],[-1.163,0.843],[14.156,-6.223],[0.53,-0.232]],"v":[[21.399,-10.849],[-21.159,8.54],[-20.043,10.449],[21.792,-9.915]],"c":true},"ix":2},"nm":"Path 1","mn":"ADBE Vector Shape - Group","hd":false},{"ty":"fl","c":{"a":0,"k":[0.825590485218,0.825590485218,0.825590485218,1],"ix":4},"o":{"a":0,"k":100,"ix":5},"r":1,"bm":0,"nm":"Fill 1","mn":"ADBE Vector Graphic - Fill","hd":false},{"ty":"tr","p":{"a":0,"k":[72.862,92.438],"ix":2},"a":{"a":0,"k":[0,0],"ix":1},"s":{"a":0,"k":[100,100],"ix":3},"r":{"a":0,"k":0,"ix":6},"o":{"a":0,"k":100,"ix":7},"sk":{"a":0,"k":0,"ix":4},"sa":{"a":0,"k":0,"ix":5},"nm":"Transform"}],"nm":"Group 4","np":2,"cix":2,"bm":0,"ix":4,"mn":"ADBE Vector Group","hd":false},{"ty":"gr","it":[{"ind":0,"ty":"sh","ix":1,"ks":{"a":0,"k":{"i":[[-16.45,9.461],[7.694,-0.993],[8.629,3.692],[1.936,-5.735],[-5.759,-0.643],[-9.576,3.116]],"o":[[10.27,-5.907],[-0.633,-4.095],[-18.535,1.766],[-2.085,6.175],[-3.688,11.926],[18.088,-5.886]],"v":[[29.577,1.556],[25.711,-12.283],[21.833,-26.967],[-37.761,-2.392],[-31.158,9.305],[-17.283,23.852]],"c":true},"ix":2},"nm":"Path 1","mn":"ADBE Vector Shape - Group","hd":false},{"ty":"fl","c":{"a":0,"k":[0.951659737381,0.951659737381,0.951659737381,1],"ix":4},"o":{"a":0,"k":100,"ix":5},"r":1,"bm":0,"nm":"Fill 1","mn":"ADBE Vector Graphic - Fill","hd":false},{"ty":"tr","p":{"a":0,"k":[73.413,89.297],"ix":2},"a":{"a":0,"k":[0,0],"ix":1},"s":{"a":0,"k":[100,100],"ix":3},"r":{"a":0,"k":0,"ix":6},"o":{"a":0,"k":100,"ix":7},"sk":{"a":0,"k":0,"ix":4},"sa":{"a":0,"k":0,"ix":5},"nm":"Transform"}],"nm":"Group 5","np":2,"cix":2,"bm":0,"ix":5,"mn":"ADBE Vector Group","hd":false},{"ty":"gr","it":[{"ind":0,"ty":"sh","ix":1,"ks":{"a":0,"k":{"i":[[-0.6,1.548],[-1.123,6.221],[0.737,-1.307],[2.027,-6.091]],"o":[[2.279,-5.878],[0.239,-1.32],[-3.163,5.615],[-0.542,1.63]],"v":[[-1.813,9.441],[4.653,-8.721],[2.373,-9.682],[-4.35,8.742]],"c":true},"ix":2},"nm":"Path 1","mn":"ADBE Vector Shape - Group","hd":false},{"ty":"fl","c":{"a":0,"k":[0.810424206304,0.104290539611,0.104290539611,1],"ix":4},"o":{"a":0,"k":100,"ix":5},"r":1,"bm":0,"nm":"Fill 1","mn":"ADBE Vector Graphic - Fill","hd":false},{"ty":"tr","p":{"a":0,"k":[214.116,129.988],"ix":2},"a":{"a":0,"k":[0,0],"ix":1},"s":{"a":0,"k":[100,100],"ix":3},"r":{"a":0,"k":0,"ix":6},"o":{"a":0,"k":100,"ix":7},"sk":{"a":0,"k":0,"ix":4},"sa":{"a":0,"k":0,"ix":5},"nm":"Transform"}],"nm":"Group 6","np":2,"cix":2,"bm":0,"ix":6,"mn":"ADBE Vector Group","hd":false},{"ty":"gr","it":[{"ind":0,"ty":"sh","ix":1,"ks":{"a":0,"k":{"i":[[0.121,1.498],[0.951,9.796],[0.269,-1.148],[-1.002,-9.539]],"o":[[-0.799,-9.892],[-0.099,-1.024],[-2.214,9.444],[0.153,1.457]],"v":[[2.162,14.846],[1.589,-14.936],[-0.326,-15.196],[-0.151,14.846]],"c":true},"ix":2},"nm":"Path 1","mn":"ADBE Vector Shape - Group","hd":false},{"ty":"fl","c":{"a":0,"k":[0.810424206304,0.104290539611,0.104290539611,1],"ix":4},"o":{"a":0,"k":100,"ix":5},"r":1,"bm":0,"nm":"Fill 1","mn":"ADBE Vector Graphic - Fill","hd":false},{"ty":"tr","p":{"a":0,"k":[202.05,124.958],"ix":2},"a":{"a":0,"k":[0,0],"ix":1},"s":{"a":0,"k":[100,100],"ix":3},"r":{"a":0,"k":0,"ix":6},"o":{"a":0,"k":100,"ix":7},"sk":{"a":0,"k":0,"ix":4},"sa":{"a":0,"k":0,"ix":5},"nm":"Transform"}],"nm":"Group 7","np":2,"cix":2,"bm":0,"ix":7,"mn":"ADBE Vector Group","hd":false},{"ty":"gr","it":[{"ind":0,"ty":"sh","ix":1,"ks":{"a":0,"k":{"i":[[9.563,-14.445],[10.842,-9.28],[14.763,18.439],[1.423,-5.725],[-40.668,-10.499],[-16.26,14.379],[-10.482,20.163],[26.953,8.22]],"o":[[-7.878,11.899],[-10.842,9.28],[-3.351,-4.185],[-2.547,10.249],[31.12,8.034],[17.024,-15.053],[8.226,-15.826],[-21.9,-6.68]],"v":[[21.821,-31.57],[-2.245,7.889],[-51.719,0.064],[-102.595,16.531],[-34.98,77.45],[49.264,65.797],[83.509,25.283],[78.189,-78.804]],"c":true},"ix":2},"nm":"Path 1","mn":"ADBE Vector Shape - Group","hd":false},{"ty":"fl","c":{"a":0,"k":[0.959242996515,0.123237617343,0.126113682167,1],"ix":4},"o":{"a":0,"k":100,"ix":5},"r":1,"bm":0,"nm":"Fill 1","mn":"ADBE Vector Graphic - Fill","hd":false},{"ty":"tr","p":{"a":0,"k":[152.48,85.734],"ix":2},"a":{"a":0,"k":[0,0],"ix":1},"s":{"a":0,"k":[100,100],"ix":3},"r":{"a":0,"k":0,"ix":6},"o":{"a":0,"k":100,"ix":7},"sk":{"a":0,"k":0,"ix":4},"sa":{"a":0,"k":0,"ix":5},"nm":"Transform"}],"nm":"Group 8","np":2,"cix":2,"bm":0,"ix":8,"mn":"ADBE Vector Group","hd":false},{"ty":"gr","it":[{"ind":0,"ty":"sh","ix":1,"ks":{"a":0,"k":{"i":[[-0.214,19.561],[8.266,4.252],[21.638,-1.652],[0.021,-4.63],[-2.354,-1.943],[-5.623,0.098]],"o":[[0.016,-1.5],[-12.889,-6.63],[-13.048,0.997],[-0.079,17.483],[4.338,3.579],[20.347,-0.35]],"v":[[44.338,5.533],[36.383,-17.919],[-4.05,-24.088],[-44.569,-10.518],[-2.903,11.595],[6.628,25.641]],"c":true},"ix":2},"nm":"Path 1","mn":"ADBE Vector Shape - Group","hd":false},{"ty":"fl","c":{"a":0,"k":[0.204731974882,0.200948393579,0.218980901382,1],"ix":4},"o":{"a":0,"k":100,"ix":5},"r":1,"bm":0,"nm":"Fill 1","mn":"ADBE Vector Graphic - Fill","hd":false},{"ty":"tr","p":{"a":0,"k":[44.898,63.888],"ix":2},"a":{"a":0,"k":[0,0],"ix":1},"s":{"a":0,"k":[100,100],"ix":3},"r":{"a":0,"k":0,"ix":6},"o":{"a":0,"k":100,"ix":7},"sk":{"a":0,"k":0,"ix":4},"sa":{"a":0,"k":0,"ix":5},"nm":"Transform"}],"nm":"Group 9","np":2,"cix":2,"bm":0,"ix":9,"mn":"ADBE Vector Group","hd":false}],"ip":0,"op":1000,"st":0,"bm":0},{"ddd":0,"ind":5,"ty":4,"nm":"lower body Outlines","sr":1,"ks":{"o":{"a":0,"k":100,"ix":11},"r":{"a":0,"k":0,"ix":10},"p":{"a":0,"k":[548.226,566.713,0],"ix":2},"a":{"a":0,"k":[192.415,265.107,0],"ix":1},"s":{"a":0,"k":[100,100,100],"ix":6}},"ao":0,"shapes":[{"ty":"gr","it":[{"ind":0,"ty":"sh","ix":1,"ks":{"a":0,"k":{"i":[[-2.309,-0.083],[-1.637,-0.059],[-1.072,1.171],[0.524,0.574],[1.473,-0.053],[1.638,-0.059]],"o":[[1.638,0.059],[1.473,0.053],[0.521,-0.571],[-1.072,-1.172],[-1.637,0.059],[-2.305,0.083]],"v":[[-3.588,1.792],[1.324,1.969],[5.373,0.98],[5.373,-0.979],[1.324,-1.967],[-3.588,-1.791]],"c":true},"ix":2},"nm":"Path 1","mn":"ADBE Vector Shape - Group","hd":false},{"ty":"fl","c":{"a":0,"k":[0.810424206304,0.104290539611,0.104290539611,1],"ix":4},"o":{"a":0,"k":100,"ix":5},"r":1,"bm":0,"nm":"Fill 1","mn":"ADBE Vector Graphic - Fill","hd":false},{"ty":"tr","p":{"a":0,"k":[318.655,215.122],"ix":2},"a":{"a":0,"k":[0,0],"ix":1},"s":{"a":0,"k":[100,100],"ix":3},"r":{"a":0,"k":0,"ix":6},"o":{"a":0,"k":100,"ix":7},"sk":{"a":0,"k":0,"ix":4},"sa":{"a":0,"k":0,"ix":5},"nm":"Transform"}],"nm":"Group 1","np":2,"cix":2,"bm":0,"ix":1,"mn":"ADBE Vector Group","hd":false},{"ty":"gr","it":[{"ind":0,"ty":"sh","ix":1,"ks":{"a":0,"k":{"i":[[-2.115,0.241],[0,0],[-1.519,0.941],[1.382,0.377],[3.311,-0.587]],"o":[[0,0],[1.747,-0.199],[1.179,-0.731],[-3.322,-0.906],[-2.063,0.366]],"v":[[-4.797,2.8],[1.061,2.132],[6.182,0.85],[5.792,-2.135],[-5.299,-0.897]],"c":true},"ix":2},"nm":"Path 1","mn":"ADBE Vector Shape - Group","hd":false},{"ty":"fl","c":{"a":0,"k":[0.810424206304,0.104290539611,0.104290539611,1],"ix":4},"o":{"a":0,"k":100,"ix":5},"r":1,"bm":0,"nm":"Fill 1","mn":"ADBE Vector Graphic - Fill","hd":false},{"ty":"tr","p":{"a":0,"k":[320.597,230.214],"ix":2},"a":{"a":0,"k":[0,0],"ix":1},"s":{"a":0,"k":[100,100],"ix":3},"r":{"a":0,"k":0,"ix":6},"o":{"a":0,"k":100,"ix":7},"sk":{"a":0,"k":0,"ix":4},"sa":{"a":0,"k":0,"ix":5},"nm":"Transform"}],"nm":"Group 2","np":2,"cix":2,"bm":0,"ix":2,"mn":"ADBE Vector Group","hd":false},{"ty":"gr","it":[{"ind":0,"ty":"sh","ix":1,"ks":{"a":0,"k":{"i":[[-1.658,-0.382],[-3.655,1.694],[1.434,0.161],[1.855,-0.168],[1.823,-0.077]],"o":[[3.841,0.883],[1.661,-0.768],[-1.857,-0.206],[-1.818,0.165],[-1.575,0.067]],"v":[[-6.075,1.148],[6.072,0.799],[5.238,-2.287],[-0.213,-1.972],[-5.689,-1.704]],"c":true},"ix":2},"nm":"Path 1","mn":"ADBE Vector Shape - Group","hd":false},{"ty":"fl","c":{"a":0,"k":[0.810424206304,0.104290539611,0.104290539611,1],"ix":4},"o":{"a":0,"k":100,"ix":5},"r":1,"bm":0,"nm":"Fill 1","mn":"ADBE Vector Graphic - Fill","hd":false},{"ty":"tr","p":{"a":0,"k":[321.489,244.332],"ix":2},"a":{"a":0,"k":[0,0],"ix":1},"s":{"a":0,"k":[100,100],"ix":3},"r":{"a":0,"k":0,"ix":6},"o":{"a":0,"k":100,"ix":7},"sk":{"a":0,"k":0,"ix":4},"sa":{"a":0,"k":0,"ix":5},"nm":"Transform"}],"nm":"Group 3","np":2,"cix":2,"bm":0,"ix":3,"mn":"ADBE Vector Group","hd":false},{"ty":"gr","it":[{"ind":0,"ty":"sh","ix":1,"ks":{"a":0,"k":{"i":[[-2.529,0.1],[-2.219,-0.217],[-2.077,0.498],[1.26,0.831],[3.823,-0.415]],"o":[[2.227,-0.088],[2.089,0.205],[1.617,-0.388],[-3.388,-2.235],[-2.408,0.261]],"v":[[-6.002,2.084],[0.669,2.235],[6.834,2.547],[7.271,-0.811],[-6.002,-1.771]],"c":true},"ix":2},"nm":"Path 1","mn":"ADBE Vector Shape - Group","hd":false},{"ty":"fl","c":{"a":0,"k":[0.810424206304,0.104290539611,0.104290539611,1],"ix":4},"o":{"a":0,"k":100,"ix":5},"r":1,"bm":0,"nm":"Fill 1","mn":"ADBE Vector Graphic - Fill","hd":false},{"ty":"tr","p":{"a":0,"k":[96.1,215.726],"ix":2},"a":{"a":0,"k":[0,0],"ix":1},"s":{"a":0,"k":[100,100],"ix":3},"r":{"a":0,"k":0,"ix":6},"o":{"a":0,"k":100,"ix":7},"sk":{"a":0,"k":0,"ix":4},"sa":{"a":0,"k":0,"ix":5},"nm":"Transform"}],"nm":"Group 4","np":2,"cix":2,"bm":0,"ix":4,"mn":"ADBE Vector Group","hd":false},{"ty":"gr","it":[{"ind":0,"ty":"sh","ix":1,"ks":{"a":0,"k":{"i":[[-2.38,0.11],[-4.033,1.118],[1.642,0.249],[4.181,-0.301]],"o":[[4.167,-0.193],[1.422,-0.394],[-4.157,-0.631],[-2.335,0.168]],"v":[[-6.013,2.32],[6.751,1.306],[6.751,-1.799],[-6.013,-1.354]],"c":true},"ix":2},"nm":"Path 1","mn":"ADBE Vector Shape - Group","hd":false},{"ty":"fl","c":{"a":0,"k":[0.810424206304,0.104290539611,0.104290539611,1],"ix":4},"o":{"a":0,"k":100,"ix":5},"r":1,"bm":0,"nm":"Fill 1","mn":"ADBE Vector Graphic - Fill","hd":false},{"ty":"tr","p":{"a":0,"k":[96.102,200.754],"ix":2},"a":{"a":0,"k":[0,0],"ix":1},"s":{"a":0,"k":[100,100],"ix":3},"r":{"a":0,"k":0,"ix":6},"o":{"a":0,"k":100,"ix":7},"sk":{"a":0,"k":0,"ix":4},"sa":{"a":0,"k":0,"ix":5},"nm":"Transform"}],"nm":"Group 5","np":2,"cix":2,"bm":0,"ix":5,"mn":"ADBE Vector Group","hd":false},{"ty":"gr","it":[{"ind":0,"ty":"sh","ix":1,"ks":{"a":0,"k":{"i":[[-2.366,0.058],[-2.652,0.064],[-2.084,1.063],[1.242,0.472],[2.224,-0.185],[2.475,-0.206]],"o":[[2.652,-0.063],[2.302,-0.056],[1.403,-0.716],[-2.122,-0.807],[-2.474,0.206],[-2.292,0.19]],"v":[[-6.836,2.46],[1.119,2.27],[7.799,1.357],[7.398,-1.712],[0.588,-1.785],[-6.836,-1.168]],"c":true},"ix":2},"nm":"Path 1","mn":"ADBE Vector Shape - Group","hd":false},{"ty":"fl","c":{"a":0,"k":[0.810424206304,0.104290539611,0.104290539611,1],"ix":4},"o":{"a":0,"k":100,"ix":5},"r":1,"bm":0,"nm":"Fill 1","mn":"ADBE Vector Graphic - Fill","hd":false},{"ty":"tr","p":{"a":0,"k":[96.212,188.484],"ix":2},"a":{"a":0,"k":[0,0],"ix":1},"s":{"a":0,"k":[100,100],"ix":3},"r":{"a":0,"k":0,"ix":6},"o":{"a":0,"k":100,"ix":7},"sk":{"a":0,"k":0,"ix":4},"sa":{"a":0,"k":0,"ix":5},"nm":"Transform"}],"nm":"Group 6","np":2,"cix":2,"bm":0,"ix":6,"mn":"ADBE Vector Group","hd":false},{"ty":"gr","it":[{"ind":0,"ty":"sh","ix":1,"ks":{"a":0,"k":{"i":[[-2.425,-0.093],[-3.519,-0.041],[-3.048,1.137],[1.289,0.481],[3.204,-0.037],[3.517,-0.135]],"o":[[3.518,0.136],[3.2,0.037],[1.287,-0.48],[-3.05,-1.138],[-3.519,0.041],[-2.421,0.094]],"v":[[-9.41,1.882],[1.14,2.116],[10.546,1.312],[10.546,-1.311],[1.14,-2.116],[-9.41,-1.883]],"c":true},"ix":2},"nm":"Path 1","mn":"ADBE Vector Shape - Group","hd":false},{"ty":"fl","c":{"a":0,"k":[0.810424206304,0.104290539611,0.104290539611,1],"ix":4},"o":{"a":0,"k":100,"ix":5},"r":1,"bm":0,"nm":"Fill 1","mn":"ADBE Vector Graphic - Fill","hd":false},{"ty":"tr","p":{"a":0,"k":[95.876,174.481],"ix":2},"a":{"a":0,"k":[0,0],"ix":1},"s":{"a":0,"k":[100,100],"ix":3},"r":{"a":0,"k":0,"ix":6},"o":{"a":0,"k":100,"ix":7},"sk":{"a":0,"k":0,"ix":4},"sa":{"a":0,"k":0,"ix":5},"nm":"Transform"}],"nm":"Group 7","np":2,"cix":2,"bm":0,"ix":7,"mn":"ADBE Vector Group","hd":false},{"ty":"gr","it":[{"ind":0,"ty":"sh","ix":1,"ks":{"a":0,"k":{"i":[[-2.25,-0.055],[-2.693,0.966],[1.483,0.532],[2.822,-0.069]],"o":[[2.825,0.068],[1.481,-0.532],[-2.698,-0.968],[-2.247,0.054]],"v":[[-4.179,1.747],[4.946,1.51],[4.946,-1.508],[-4.179,-1.745]],"c":true},"ix":2},"nm":"Path 1","mn":"ADBE Vector Shape - Group","hd":false},{"ty":"fl","c":{"a":0,"k":[0.278676081639,0.27486632104,0.297618701411,1],"ix":4},"o":{"a":0,"k":100,"ix":5},"r":1,"bm":0,"nm":"Fill 1","mn":"ADBE Vector Graphic - Fill","hd":false},{"ty":"tr","p":{"a":0,"k":[122.576,285.516],"ix":2},"a":{"a":0,"k":[0,0],"ix":1},"s":{"a":0,"k":[100,100],"ix":3},"r":{"a":0,"k":0,"ix":6},"o":{"a":0,"k":100,"ix":7},"sk":{"a":0,"k":0,"ix":4},"sa":{"a":0,"k":0,"ix":5},"nm":"Transform"}],"nm":"Group 8","np":2,"cix":2,"bm":0,"ix":8,"mn":"ADBE Vector Group","hd":false},{"ty":"gr","it":[{"ind":0,"ty":"sh","ix":1,"ks":{"a":0,"k":{"i":[[-1.812,-0.074],[-2.373,-0.098],[-1.943,0.838],[0.906,0.391],[2.086,-0.086],[2.373,-0.097]],"o":[[2.373,0.098],[2.086,0.086],[0.906,-0.391],[-1.943,-0.837],[-2.373,0.097],[-1.808,0.075]],"v":[[-6.065,1.406],[1.053,1.698],[6.971,1.194],[6.971,-1.195],[1.053,-1.698],[-6.065,-1.407]],"c":true},"ix":2},"nm":"Path 1","mn":"ADBE Vector Shape - Group","hd":false},{"ty":"fl","c":{"a":0,"k":[0.278676081639,0.27486632104,0.297618701411,1],"ix":4},"o":{"a":0,"k":100,"ix":5},"r":1,"bm":0,"nm":"Fill 1","mn":"ADBE Vector Graphic - Fill","hd":false},{"ty":"tr","p":{"a":0,"k":[124.462,273.906],"ix":2},"a":{"a":0,"k":[0,0],"ix":1},"s":{"a":0,"k":[100,100],"ix":3},"r":{"a":0,"k":0,"ix":6},"o":{"a":0,"k":100,"ix":7},"sk":{"a":0,"k":0,"ix":4},"sa":{"a":0,"k":0,"ix":5},"nm":"Transform"}],"nm":"Group 9","np":2,"cix":2,"bm":0,"ix":9,"mn":"ADBE Vector Group","hd":false},{"ty":"gr","it":[{"ind":0,"ty":"sh","ix":1,"ks":{"a":0,"k":{"i":[[-1.363,-0.351],[-3.072,2.779],[1.084,0.038],[1.706,-0.276],[1.96,0.186]],"o":[[3.706,0.953],[0.882,-0.798],[-1.743,-0.06],[-1.949,0.314],[-1.441,-0.138]],"v":[[-5.893,1.036],[6.374,-0.236],[5.443,-2.483],[0.367,-1.584],[-5.555,-1.457]],"c":true},"ix":2},"nm":"Path 1","mn":"ADBE Vector Shape - Group","hd":false},{"ty":"fl","c":{"a":0,"k":[0.278676081639,0.27486632104,0.297618701411,1],"ix":4},"o":{"a":0,"k":100,"ix":5},"r":1,"bm":0,"nm":"Fill 1","mn":"ADBE Vector Graphic - Fill","hd":false},{"ty":"tr","p":{"a":0,"k":[121.8,265.264],"ix":2},"a":{"a":0,"k":[0,0],"ix":1},"s":{"a":0,"k":[100,100],"ix":3},"r":{"a":0,"k":0,"ix":6},"o":{"a":0,"k":100,"ix":7},"sk":{"a":0,"k":0,"ix":4},"sa":{"a":0,"k":0,"ix":5},"nm":"Transform"}],"nm":"Group 10","np":2,"cix":2,"bm":0,"ix":10,"mn":"ADBE Vector Group","hd":false},{"ty":"gr","it":[{"ind":0,"ty":"sh","ix":1,"ks":{"a":0,"k":{"i":[[-1.487,-0.161],[-1.244,-0.224],[-1.239,0.014],[1.006,0.673],[2.665,-0.839]],"o":[[1.249,0.136],[1.214,0.219],[1.283,-0.014],[-2.317,-1.548],[-1.535,0.484]],"v":[[-3.501,1.457],[0.238,1.756],[3.761,2.041],[4.391,-0.283],[-3.862,-1.216]],"c":true},"ix":2},"nm":"Path 1","mn":"ADBE Vector Shape - Group","hd":false},{"ty":"fl","c":{"a":0,"k":[0.278676081639,0.27486632104,0.297618701411,1],"ix":4},"o":{"a":0,"k":100,"ix":5},"r":1,"bm":0,"nm":"Fill 1","mn":"ADBE Vector Graphic - Fill","hd":false},{"ty":"tr","p":{"a":0,"k":[333.084,283.98],"ix":2},"a":{"a":0,"k":[0,0],"ix":1},"s":{"a":0,"k":[100,100],"ix":3},"r":{"a":0,"k":0,"ix":6},"o":{"a":0,"k":100,"ix":7},"sk":{"a":0,"k":0,"ix":4},"sa":{"a":0,"k":0,"ix":5},"nm":"Transform"}],"nm":"Group 11","np":2,"cix":2,"bm":0,"ix":11,"mn":"ADBE Vector Group","hd":false},{"ty":"gr","it":[{"ind":0,"ty":"sh","ix":1,"ks":{"a":0,"k":{"i":[[-1.286,-0.213],[-3.049,-0.505],[-2.524,0.496],[0.691,0.355],[2.522,0.293],[3.068,0.356]],"o":[[3.049,0.504],[2.51,0.415],[0.775,-0.151],[-2.284,-1.17],[-3.069,-0.356],[-1.284,-0.149]],"v":[[-8.069,-0.05],[1.077,1.463],[8.442,1.975],[8.664,0.276],[1.444,-1.253],[-7.761,-2.322]],"c":true},"ix":2},"nm":"Path 1","mn":"ADBE Vector Shape - Group","hd":false},{"ty":"fl","c":{"a":0,"k":[0.278676081639,0.27486632104,0.297618701411,1],"ix":4},"o":{"a":0,"k":100,"ix":5},"r":1,"bm":0,"nm":"Fill 1","mn":"ADBE Vector Graphic - Fill","hd":false},{"ty":"tr","p":{"a":0,"k":[332.994,277.215],"ix":2},"a":{"a":0,"k":[0,0],"ix":1},"s":{"a":0,"k":[100,100],"ix":3},"r":{"a":0,"k":0,"ix":6},"o":{"a":0,"k":100,"ix":7},"sk":{"a":0,"k":0,"ix":4},"sa":{"a":0,"k":0,"ix":5},"nm":"Transform"}],"nm":"Group 12","np":2,"cix":2,"bm":0,"ix":12,"mn":"ADBE Vector Group","hd":false},{"ty":"gr","it":[{"ind":0,"ty":"sh","ix":1,"ks":{"a":0,"k":{"i":[[-1.195,0.137],[-3.649,-0.088],[-3.578,0.376],[1.09,0.434],[6.809,-1.106]],"o":[[3.623,-0.412],[3.6,0.086],[1.166,-0.122],[-6.582,-2.617],[-1.173,0.191]],"v":[[-10.838,2.171],[0.048,1.629],[10.933,2.123],[11.204,0.118],[-11.121,0.077]],"c":true},"ix":2},"nm":"Path 1","mn":"ADBE Vector Shape - Group","hd":false},{"ty":"fl","c":{"a":0,"k":[0.278676081639,0.27486632104,0.297618701411,1],"ix":4},"o":{"a":0,"k":100,"ix":5},"r":1,"bm":0,"nm":"Fill 1","mn":"ADBE Vector Graphic - Fill","hd":false},{"ty":"tr","p":{"a":0,"k":[327.357,267],"ix":2},"a":{"a":0,"k":[0,0],"ix":1},"s":{"a":0,"k":[100,100],"ix":3},"r":{"a":0,"k":0,"ix":6},"o":{"a":0,"k":100,"ix":7},"sk":{"a":0,"k":0,"ix":4},"sa":{"a":0,"k":0,"ix":5},"nm":"Transform"}],"nm":"Group 13","np":2,"cix":2,"bm":0,"ix":13,"mn":"ADBE Vector Group","hd":false},{"ty":"gr","it":[{"ind":0,"ty":"sh","ix":1,"ks":{"a":0,"k":{"i":[[-2.183,0.027],[-3.858,0.172],[1.587,0.703],[4.109,-0.46]],"o":[[3.884,-0.049],[1.47,-0.065],[-3.864,-1.713],[-2.063,0.231]],"v":[[-5.92,1.589],[5.691,2.292],[6.516,-0.75],[-5.92,-1.722]],"c":true},"ix":2},"nm":"Path 1","mn":"ADBE Vector Shape - Group","hd":false},{"ty":"fl","c":{"a":0,"k":[0.278676081639,0.27486632104,0.297618701411,1],"ix":4},"o":{"a":0,"k":100,"ix":5},"r":1,"bm":0,"nm":"Fill 1","mn":"ADBE Vector Graphic - Fill","hd":false},{"ty":"tr","p":{"a":0,"k":[201.244,274.698],"ix":2},"a":{"a":0,"k":[0,0],"ix":1},"s":{"a":0,"k":[100,100],"ix":3},"r":{"a":0,"k":0,"ix":6},"o":{"a":0,"k":100,"ix":7},"sk":{"a":0,"k":0,"ix":4},"sa":{"a":0,"k":0,"ix":5},"nm":"Transform"}],"nm":"Group 14","np":2,"cix":2,"bm":0,"ix":14,"mn":"ADBE Vector Group","hd":false},{"ty":"gr","it":[{"ind":0,"ty":"sh","ix":1,"ks":{"a":0,"k":{"i":[[-1.394,-0.551],[-3.141,0.016],[-2.709,1.217],[0.801,0.361],[2.93,0.015],[2.955,-1.169]],"o":[[2.955,1.169],[2.93,-0.016],[0.801,-0.362],[-2.709,-1.218],[-3.141,-0.017],[-1.392,0.551]],"v":[[-8.917,1.422],[0.854,2.02],[9.511,1.059],[9.511,-1.057],[0.854,-2.018],[-8.917,-1.422]],"c":true},"ix":2},"nm":"Path 1","mn":"ADBE Vector Shape - Group","hd":false},{"ty":"fl","c":{"a":0,"k":[0.278676081639,0.27486632104,0.297618701411,1],"ix":4},"o":{"a":0,"k":100,"ix":5},"r":1,"bm":0,"nm":"Fill 1","mn":"ADBE Vector Graphic - Fill","hd":false},{"ty":"tr","p":{"a":0,"k":[201.672,266.648],"ix":2},"a":{"a":0,"k":[0,0],"ix":1},"s":{"a":0,"k":[100,100],"ix":3},"r":{"a":0,"k":0,"ix":6},"o":{"a":0,"k":100,"ix":7},"sk":{"a":0,"k":0,"ix":4},"sa":{"a":0,"k":0,"ix":5},"nm":"Transform"}],"nm":"Group 15","np":2,"cix":2,"bm":0,"ix":15,"mn":"ADBE Vector Group","hd":false},{"ty":"gr","it":[{"ind":0,"ty":"sh","ix":1,"ks":{"a":0,"k":{"i":[[-0.666,-0.041],[-45.974,1.068],[-22.286,2.558],[-14.667,6.575],[1.194,-0.207],[18.695,-1.793],[22.06,-0.478],[43.77,0.472]],"o":[[45.89,2.821],[22.419,-0.52],[15.829,-1.817],[1.28,-0.574],[-18.386,3.188],[-21.972,2.107],[-43.77,0.95],[-0.676,-0.008]],"v":[[-126.909,4.595],[10.922,7.626],[78.079,3.398],[126.305,-6.373],[125.413,-8.487],[70.554,0.754],[4.43,4.207],[-126.909,3.552]],"c":true},"ix":2},"nm":"Path 1","mn":"ADBE Vector Shape - Group","hd":false},{"ty":"fl","c":{"a":0,"k":[0.825590485218,0.825590485218,0.825590485218,1],"ix":4},"o":{"a":0,"k":100,"ix":5},"r":1,"bm":0,"nm":"Fill 1","mn":"ADBE Vector Graphic - Fill","hd":false},{"ty":"tr","p":{"a":0,"k":[215.532,358.37],"ix":2},"a":{"a":0,"k":[0,0],"ix":1},"s":{"a":0,"k":[100,100],"ix":3},"r":{"a":0,"k":0,"ix":6},"o":{"a":0,"k":100,"ix":7},"sk":{"a":0,"k":0,"ix":4},"sa":{"a":0,"k":0,"ix":5},"nm":"Transform"}],"nm":"Group 16","np":2,"cix":2,"bm":0,"ix":16,"mn":"ADBE Vector Group","hd":false},{"ty":"gr","it":[{"ind":0,"ty":"sh","ix":1,"ks":{"a":0,"k":{"i":[[15.068,0.145],[-0.036,7.649],[-14.854,1.587],[-0.475,-0.057],[-0.004,-1.526],[0.35,-6.548]],"o":[[-1.633,-9.504],[15.091,-0.11],[0.284,-0.031],[-0.18,2.484],[0.016,6.554],[-15.068,-0.079]],"v":[[-21.725,15.754],[-23.409,-13.46],[22.195,-13.772],[23.395,-13.702],[23.99,-5.244],[23.447,14.417]],"c":true},"ix":2},"nm":"Path 1","mn":"ADBE Vector Shape - Group","hd":false},{"ind":1,"ty":"sh","ix":2,"ks":{"a":0,"k":{"i":[[0.16,0.053],[-0.142,0.09]],"o":[[0.234,-0.023],[-0.257,0.163]],"v":[[25.58,-13.582],[26.193,-13.718]],"c":true},"ix":2},"nm":"Path 2","mn":"ADBE Vector Shape - Group","hd":false},{"ind":2,"ty":"sh","ix":3,"ks":{"a":0,"k":{"i":[[4.816,2.552],[10.74,-0.194],[-2.7,-10.68],[-1.893,-0.075],[-17.709,-0.696],[-0.198,2.412]],"o":[[-5.854,-3.102],[-5.098,0.091],[0.482,1.908],[17.708,0.696],[2.645,0.105],[0.768,-9.335]],"v":[[29.775,-22.018],[-29.492,-22.985],[-29.459,21.228],[-25.26,24.425],[27.839,23.712],[32.463,19.089]],"c":true},"ix":2},"nm":"Path 3","mn":"ADBE Vector Shape - Group","hd":false},{"ty":"mm","mm":1,"nm":"Merge Paths 1","mn":"ADBE Vector Filter - Merge","hd":false},{"ty":"fl","c":{"a":0,"k":[1,0.702368762446,0.137433205399,1],"ix":4},"o":{"a":0,"k":100,"ix":5},"r":1,"bm":0,"nm":"Fill 1","mn":"ADBE Vector Graphic - Fill","hd":false},{"ty":"tr","p":{"a":0,"k":[192.159,271.975],"ix":2},"a":{"a":0,"k":[0,0],"ix":1},"s":{"a":0,"k":[100,100],"ix":3},"r":{"a":0,"k":0,"ix":6},"o":{"a":0,"k":100,"ix":7},"sk":{"a":0,"k":0,"ix":4},"sa":{"a":0,"k":0,"ix":5},"nm":"Transform"}],"nm":"Group 17","np":5,"cix":2,"bm":0,"ix":17,"mn":"ADBE Vector Group","hd":false},{"ty":"gr","it":[{"ind":0,"ty":"sh","ix":1,"ks":{"a":0,"k":{"i":[[0,-7.97],[7.969,0],[0,7.97],[-7.969,0]],"o":[[0,7.97],[-7.969,0],[0,-7.97],[7.969,0]],"v":[[14.43,0],[-0.001,14.43],[-14.43,0],[-0.001,-14.43]],"c":true},"ix":2},"nm":"Path 1","mn":"ADBE Vector Shape - Group","hd":false},{"ty":"fl","c":{"a":0,"k":[0.204731974882,0.200948393579,0.218980901382,1],"ix":4},"o":{"a":0,"k":100,"ix":5},"r":1,"bm":0,"nm":"Fill 1","mn":"ADBE Vector Graphic - Fill","hd":false},{"ty":"tr","p":{"a":0,"k":[190.288,225.935],"ix":2},"a":{"a":0,"k":[0,0],"ix":1},"s":{"a":0,"k":[100,100],"ix":3},"r":{"a":0,"k":0,"ix":6},"o":{"a":0,"k":100,"ix":7},"sk":{"a":0,"k":0,"ix":4},"sa":{"a":0,"k":0,"ix":5},"nm":"Transform"}],"nm":"Group 18","np":2,"cix":2,"bm":0,"ix":18,"mn":"ADBE Vector Group","hd":false},{"ty":"gr","it":[{"ind":0,"ty":"sh","ix":1,"ks":{"a":0,"k":{"i":[[-41.773,-0.618],[-6.807,8.936],[0.562,8.546],[7.625,0],[15.2,-1.247],[44.329,1.744],[44.889,0.192],[0.641,-6.291],[-10.855,-1.884]],"o":[[55.514,0.821],[4.62,-6.067],[-0.561,-8.544],[-12.915,0],[-56.224,4.612],[-31.11,-1.224],[-19.141,-0.082],[-1.068,10.487],[40.965,7.112]],"v":[[11.942,29.142],[157.114,11.277],[154.771,-6.572],[154.294,-29.962],[93.38,-22.611],[-23.904,-19.496],[-142.778,-21.941],[-147.886,0.782],[-141.636,20.212]],"c":true},"ix":2},"nm":"Path 1","mn":"ADBE Vector Shape - Group","hd":false},{"ty":"fl","c":{"a":0,"k":[0.970616718367,0.970616718367,0.970616718367,1],"ix":4},"o":{"a":0,"k":100,"ix":5},"r":1,"bm":0,"nm":"Fill 1","mn":"ADBE Vector Graphic - Fill","hd":false},{"ty":"tr","p":{"a":0,"k":[192.776,348.27],"ix":2},"a":{"a":0,"k":[0,0],"ix":1},"s":{"a":0,"k":[100,100],"ix":3},"r":{"a":0,"k":0,"ix":6},"o":{"a":0,"k":100,"ix":7},"sk":{"a":0,"k":0,"ix":4},"sa":{"a":0,"k":0,"ix":5},"nm":"Transform"}],"nm":"Group 19","np":2,"cix":2,"bm":0,"ix":19,"mn":"ADBE Vector Group","hd":false},{"ty":"gr","it":[{"ind":0,"ty":"sh","ix":1,"ks":{"a":0,"k":{"i":[[140.339,-28.189],[-8.669,-15.097],[-132.957,-3.033],[6.689,11.356]],"o":[[0,0],[0,0],[0,0],[0,0]],"v":[[-149.614,-1.394],[-148.224,29.583],[151.989,23.252],[150.204,-7.266]],"c":true},"ix":2},"nm":"Path 1","mn":"ADBE Vector Shape - Group","hd":false},{"ty":"fl","c":{"a":0,"k":[0.204731974882,0.200948393579,0.218980901382,1],"ix":4},"o":{"a":0,"k":100,"ix":5},"r":1,"bm":0,"nm":"Fill 1","mn":"ADBE Vector Graphic - Fill","hd":false},{"ty":"tr","p":{"a":0,"k":[194.663,268.288],"ix":2},"a":{"a":0,"k":[0,0],"ix":1},"s":{"a":0,"k":[100,100],"ix":3},"r":{"a":0,"k":0,"ix":6},"o":{"a":0,"k":100,"ix":7},"sk":{"a":0,"k":0,"ix":4},"sa":{"a":0,"k":0,"ix":5},"nm":"Transform"}],"nm":"Group 20","np":2,"cix":2,"bm":0,"ix":20,"mn":"ADBE Vector Group","hd":false},{"ty":"gr","it":[{"ind":0,"ty":"sh","ix":1,"ks":{"a":0,"k":{"i":[[0,-7.969],[7.969,0],[0,7.97],[-7.969,0]],"o":[[0,7.97],[-7.969,0],[0,-7.969],[7.969,0]],"v":[[14.43,0],[-0.001,14.43],[-14.43,0],[-0.001,-14.43]],"c":true},"ix":2},"nm":"Path 1","mn":"ADBE Vector Shape - Group","hd":false},{"ty":"fl","c":{"a":0,"k":[0.204731974882,0.200948393579,0.218980901382,1],"ix":4},"o":{"a":0,"k":100,"ix":5},"r":1,"bm":0,"nm":"Fill 1","mn":"ADBE Vector Graphic - Fill","hd":false},{"ty":"tr","p":{"a":0,"k":[190.288,177.257],"ix":2},"a":{"a":0,"k":[0,0],"ix":1},"s":{"a":0,"k":[100,100],"ix":3},"r":{"a":0,"k":0,"ix":6},"o":{"a":0,"k":100,"ix":7},"sk":{"a":0,"k":0,"ix":4},"sa":{"a":0,"k":0,"ix":5},"nm":"Transform"}],"nm":"Group 21","np":2,"cix":2,"bm":0,"ix":21,"mn":"ADBE Vector Group","hd":false},{"ty":"gr","it":[{"ind":0,"ty":"sh","ix":1,"ks":{"a":0,"k":{"i":[[-17.621,-84.706],[7.286,1.713],[-10.77,54.4],[-3.86,1.51]],"o":[[-7.49,-1.277],[-9.667,-54.602],[0,0],[0,0]],"v":[[15.995,85.853],[-6.183,81.382],[-3.475,-100.861],[9.041,-106.853]],"c":true},"ix":2},"nm":"Path 1","mn":"ADBE Vector Shape - Group","hd":false},{"ty":"fl","c":{"a":0,"k":[0.810424206304,0.104290539611,0.104290539611,1],"ix":4},"o":{"a":0,"k":100,"ix":5},"r":1,"bm":0,"nm":"Fill 1","mn":"ADBE Vector Graphic - Fill","hd":false},{"ty":"tr","p":{"a":0,"k":[58.047,259.499],"ix":2},"a":{"a":0,"k":[0,0],"ix":1},"s":{"a":0,"k":[100,100],"ix":3},"r":{"a":0,"k":0,"ix":6},"o":{"a":0,"k":100,"ix":7},"sk":{"a":0,"k":0,"ix":4},"sa":{"a":0,"k":0,"ix":5},"nm":"Transform"}],"nm":"Group 22","np":2,"cix":2,"bm":0,"ix":22,"mn":"ADBE Vector Group","hd":false},{"ty":"gr","it":[{"ind":0,"ty":"sh","ix":1,"ks":{"a":0,"k":{"i":[[14.753,-28.303],[9.348,-0.58],[85.78,14.775],[7.286,1.713],[-10.769,54.4],[-164.217,-0.029],[-67.022,-33.679]],"o":[[12.162,47.666],[-85.693,5.197],[-7.49,-1.278],[-9.667,-54.603],[10.892,-21.331],[39.362,0],[73.401,36.884]],"v":[[144.844,-10.537],[155.468,162.968],[-113.482,164.913],[-135.661,160.442],[-133.977,-4.963],[-23.058,-157.712],[113.873,-146.009]],"c":true},"ix":2},"nm":"Path 1","mn":"ADBE Vector Shape - Group","hd":false},{"ty":"fl","c":{"a":0,"k":[0.959242996515,0.123237617343,0.126113682167,1],"ix":4},"o":{"a":0,"k":100,"ix":5},"r":1,"bm":0,"nm":"Fill 1","mn":"ADBE Vector Graphic - Fill","hd":false},{"ty":"tr","p":{"a":0,"k":[187.524,179.939],"ix":2},"a":{"a":0,"k":[0,0],"ix":1},"s":{"a":0,"k":[100,100],"ix":3},"r":{"a":0,"k":0,"ix":6},"o":{"a":0,"k":100,"ix":7},"sk":{"a":0,"k":0,"ix":4},"sa":{"a":0,"k":0,"ix":5},"nm":"Transform"}],"nm":"Group 23","np":2,"cix":2,"bm":0,"ix":23,"mn":"ADBE Vector Group","hd":false},{"ty":"gr","it":[{"ind":0,"ty":"sh","ix":1,"ks":{"a":0,"k":{"i":[[15.048,37.993],[43.547,14.563],[3.677,-6.121],[-6.715,-14.082],[-5.151,-3.752],[1.39,-3.508],[17.657,6.054],[-1.787,-14.318],[-22.71,16.538]],"o":[[-15.276,-38.569],[-10.125,-4.589],[-8.033,13.374],[2.743,5.753],[2.216,1.614],[-6.879,17.352],[-1.13,14.384],[26.673,8.822],[22.711,-16.538]],"v":[[51.932,-9.917],[-32.927,-87.445],[-58.947,-75.245],[-42.205,-28.912],[-14.823,0.168],[-8.59,16.186],[-54.675,37.408],[-53.685,80.609],[23.588,75.496]],"c":true},"ix":2},"nm":"Path 1","mn":"ADBE Vector Shape - Group","hd":false},{"ty":"fl","c":{"a":0,"k":[0.959242996515,0.123237617343,0.126113682167,1],"ix":4},"o":{"a":0,"k":100,"ix":5},"r":1,"bm":0,"nm":"Fill 1","mn":"ADBE Vector Graphic - Fill","hd":false},{"ty":"tr","p":{"a":0,"k":[317.6,110.617],"ix":2},"a":{"a":0,"k":[0,0],"ix":1},"s":{"a":0,"k":[100,100],"ix":3},"r":{"a":0,"k":0,"ix":6},"o":{"a":0,"k":100,"ix":7},"sk":{"a":0,"k":0,"ix":4},"sa":{"a":0,"k":0,"ix":5},"nm":"Transform"}],"nm":"Group 24","np":2,"cix":2,"bm":0,"ix":24,"mn":"ADBE Vector Group","hd":false},{"ty":"gr","it":[{"ind":0,"ty":"sh","ix":1,"ks":{"a":0,"k":{"i":[[-1.876,-0.516],[-3.422,-0.085],[1.118,0.53],[3.346,0.675]],"o":[[3.286,0.903],[1.163,0.03],[-3.097,-1.463],[-1.871,-0.377]],"v":[[-4.839,0.606],[4.978,2.628],[5.597,0.346],[-4.043,-2.281]],"c":true},"ix":2},"nm":"Path 1","mn":"ADBE Vector Shape - Group","hd":false},{"ty":"fl","c":{"a":0,"k":[0.278676081639,0.27486632104,0.297618701411,1],"ix":4},"o":{"a":0,"k":100,"ix":5},"r":1,"bm":0,"nm":"Fill 1","mn":"ADBE Vector Graphic - Fill","hd":false},{"ty":"tr","p":{"a":0,"k":[268.75,476.316],"ix":2},"a":{"a":0,"k":[0,0],"ix":1},"s":{"a":0,"k":[100,100],"ix":3},"r":{"a":0,"k":0,"ix":6},"o":{"a":0,"k":100,"ix":7},"sk":{"a":0,"k":0,"ix":4},"sa":{"a":0,"k":0,"ix":5},"nm":"Transform"}],"nm":"Group 25","np":2,"cix":2,"bm":0,"ix":25,"mn":"ADBE Vector Group","hd":false},{"ty":"gr","it":[{"ind":0,"ty":"sh","ix":1,"ks":{"a":0,"k":{"i":[[-1.881,0.05],[-3.92,1.523],[1.314,0.107],[4.095,-0.238]],"o":[[4.167,-0.108],[1.193,-0.463],[-4.079,-0.337],[-1.852,0.106]],"v":[[-5.995,2.014],[6.683,0.5],[6.381,-1.726],[-5.995,-0.888]],"c":true},"ix":2},"nm":"Path 1","mn":"ADBE Vector Shape - Group","hd":false},{"ty":"fl","c":{"a":0,"k":[0.278676081639,0.27486632104,0.297618701411,1],"ix":4},"o":{"a":0,"k":100,"ix":5},"r":1,"bm":0,"nm":"Fill 1","mn":"ADBE Vector Graphic - Fill","hd":false},{"ty":"tr","p":{"a":0,"k":[268.084,484.486],"ix":2},"a":{"a":0,"k":[0,0],"ix":1},"s":{"a":0,"k":[100,100],"ix":3},"r":{"a":0,"k":0,"ix":6},"o":{"a":0,"k":100,"ix":7},"sk":{"a":0,"k":0,"ix":4},"sa":{"a":0,"k":0,"ix":5},"nm":"Transform"}],"nm":"Group 26","np":2,"cix":2,"bm":0,"ix":26,"mn":"ADBE Vector Group","hd":false},{"ty":"gr","it":[{"ind":0,"ty":"sh","ix":1,"ks":{"a":0,"k":{"i":[[-1.355,0.863],[-1.755,0.75],[-1.518,1.052],[1.342,0.118],[2.957,-2.368]],"o":[[1.609,-1.025],[1.694,-0.725],[1.12,-0.777],[-4.015,-0.352],[-1.269,1.016]],"v":[[-4.164,3.446],[0.875,0.785],[6.044,-1.463],[5.368,-3.956],[-5.896,1.202]],"c":true},"ix":2},"nm":"Path 1","mn":"ADBE Vector Shape - Group","hd":false},{"ty":"fl","c":{"a":0,"k":[0.278676081639,0.27486632104,0.297618701411,1],"ix":4},"o":{"a":0,"k":100,"ix":5},"r":1,"bm":0,"nm":"Fill 1","mn":"ADBE Vector Graphic - Fill","hd":false},{"ty":"tr","p":{"a":0,"k":[266.928,493.699],"ix":2},"a":{"a":0,"k":[0,0],"ix":1},"s":{"a":0,"k":[100,100],"ix":3},"r":{"a":0,"k":0,"ix":6},"o":{"a":0,"k":100,"ix":7},"sk":{"a":0,"k":0,"ix":4},"sa":{"a":0,"k":0,"ix":5},"nm":"Transform"}],"nm":"Group 27","np":2,"cix":2,"bm":0,"ix":27,"mn":"ADBE Vector Group","hd":false},{"ty":"gr","it":[{"ind":0,"ty":"sh","ix":1,"ks":{"a":0,"k":{"i":[[-17.468,-8.128],[2.535,-11.567],[-7.97,-0.676],[7.258,-12.579],[10.819,2.479],[0,0],[-0.495,-4.215],[4.725,2.472],[-1.53,13.063],[0,0]],"o":[[2.466,6.661],[6.87,4.096],[15.423,1.311],[-27.577,3.992],[0,0],[-1.347,4.025],[-6.309,1.385],[-3.907,-4.572],[2.124,-18.132],[16.168,-5.028]],"v":[[14.826,-37.652],[0.066,5.868],[23.989,23.545],[44.472,41.788],[-16.652,41.584],[-29.28,33.668],[-31.467,42.876],[-47.822,41.788],[-47.822,8.889],[-47.822,-40.708]],"c":true},"ix":2},"nm":"Path 1","mn":"ADBE Vector Shape - Group","hd":false},{"ty":"fl","c":{"a":0,"k":[0.204731974882,0.200948393579,0.218980901382,1],"ix":4},"o":{"a":0,"k":100,"ix":5},"r":1,"bm":0,"nm":"Fill 1","mn":"ADBE Vector Graphic - Fill","hd":false},{"ty":"tr","p":{"a":0,"k":[277.003,484.183],"ix":2},"a":{"a":0,"k":[0,0],"ix":1},"s":{"a":0,"k":[100,100],"ix":3},"r":{"a":0,"k":0,"ix":6},"o":{"a":0,"k":100,"ix":7},"sk":{"a":0,"k":0,"ix":4},"sa":{"a":0,"k":0,"ix":5},"nm":"Transform"}],"nm":"Group 28","np":2,"cix":2,"bm":0,"ix":28,"mn":"ADBE Vector Group","hd":false},{"ty":"gr","it":[{"ind":0,"ty":"sh","ix":1,"ks":{"a":0,"k":{"i":[[-35.797,1.734],[2.415,-5.151],[9.583,9.581],[1.761,33.342]],"o":[[-10.409,36.106],[-6.654,14.197],[-1.761,-33.342],[-7.201,-0.035]],"v":[[48.23,-71.517],[13.617,51.197],[-35.155,61.936],[-41.029,-61.577]],"c":true},"ix":2},"nm":"Path 1","mn":"ADBE Vector Shape - Group","hd":false},{"ty":"fl","c":{"a":0,"k":[0.963032382142,0.126113682167,0.129815673828,1],"ix":4},"o":{"a":0,"k":100,"ix":5},"r":1,"bm":0,"nm":"Fill 1","mn":"ADBE Vector Graphic - Fill","hd":false},{"ty":"tr","p":{"a":0,"k":[268.186,409.46],"ix":2},"a":{"a":0,"k":[0,0],"ix":1},"s":{"a":0,"k":[100,100],"ix":3},"r":{"a":0,"k":0,"ix":6},"o":{"a":0,"k":100,"ix":7},"sk":{"a":0,"k":0,"ix":4},"sa":{"a":0,"k":0,"ix":5},"nm":"Transform"}],"nm":"Group 29","np":2,"cix":2,"bm":0,"ix":29,"mn":"ADBE Vector Group","hd":false},{"ty":"gr","it":[{"ind":0,"ty":"sh","ix":1,"ks":{"a":0,"k":{"i":[[-1.553,0.069],[-2.187,-0.16],[-2.179,0.121],[1.429,0.539],[4.156,-0.506]],"o":[[2.19,-0.099],[2.174,0.16],[1.577,-0.088],[-4.012,-1.513],[-1.462,0.178]],"v":[[-6.664,1.394],[-0.105,1.458],[6.426,2.033],[6.788,-0.641],[-6.664,-0.965]],"c":true},"ix":2},"nm":"Path 1","mn":"ADBE Vector Shape - Group","hd":false},{"ty":"fl","c":{"a":0,"k":[0.278676081639,0.27486632104,0.297618701411,1],"ix":4},"o":{"a":0,"k":100,"ix":5},"r":1,"bm":0,"nm":"Fill 1","mn":"ADBE Vector Graphic - Fill","hd":false},{"ty":"tr","p":{"a":0,"k":[140.308,476.96],"ix":2},"a":{"a":0,"k":[0,0],"ix":1},"s":{"a":0,"k":[100,100],"ix":3},"r":{"a":0,"k":0,"ix":6},"o":{"a":0,"k":100,"ix":7},"sk":{"a":0,"k":0,"ix":4},"sa":{"a":0,"k":0,"ix":5},"nm":"Transform"}],"nm":"Group 30","np":2,"cix":2,"bm":0,"ix":30,"mn":"ADBE Vector Group","hd":false},{"ty":"gr","it":[{"ind":0,"ty":"sh","ix":1,"ks":{"a":0,"k":{"i":[[-1.774,0.078],[-4.83,0.763],[0.809,0.327],[4.757,-0.436]],"o":[[4.901,-0.214],[1.117,-0.177],[-4.532,-1.831],[-1.715,0.158]],"v":[[-7.08,1.56],[7.738,1.518],[7.738,-0.451],[-7.08,-1.162]],"c":true},"ix":2},"nm":"Path 1","mn":"ADBE Vector Shape - Group","hd":false},{"ty":"fl","c":{"a":0,"k":[0.278676081639,0.27486632104,0.297618701411,1],"ix":4},"o":{"a":0,"k":100,"ix":5},"r":1,"bm":0,"nm":"Fill 1","mn":"ADBE Vector Graphic - Fill","hd":false},{"ty":"tr","p":{"a":0,"k":[141.449,485.69],"ix":2},"a":{"a":0,"k":[0,0],"ix":1},"s":{"a":0,"k":[100,100],"ix":3},"r":{"a":0,"k":0,"ix":6},"o":{"a":0,"k":100,"ix":7},"sk":{"a":0,"k":0,"ix":4},"sa":{"a":0,"k":0,"ix":5},"nm":"Transform"}],"nm":"Group 31","np":2,"cix":2,"bm":0,"ix":31,"mn":"ADBE Vector Group","hd":false},{"ty":"gr","it":[{"ind":0,"ty":"sh","ix":1,"ks":{"a":0,"k":{"i":[[-1.549,0.144],[-2.211,-0.417],[-2.055,-0.395],[1.101,1.076],[4.401,-1.719]],"o":[[2.228,-0.206],[2.068,0.391],[1.355,0.26],[-3.57,-3.491],[-1.216,0.473]],"v":[[-6.816,1.093],[-0.2,1.22],[5.857,2.859],[7.27,0.434],[-7.154,-1.401]],"c":true},"ix":2},"nm":"Path 1","mn":"ADBE Vector Shape - Group","hd":false},{"ty":"fl","c":{"a":0,"k":[0.278676081639,0.27486632104,0.297618701411,1],"ix":4},"o":{"a":0,"k":100,"ix":5},"r":1,"bm":0,"nm":"Fill 1","mn":"ADBE Vector Graphic - Fill","hd":false},{"ty":"tr","p":{"a":0,"k":[142.599,493.127],"ix":2},"a":{"a":0,"k":[0,0],"ix":1},"s":{"a":0,"k":[100,100],"ix":3},"r":{"a":0,"k":0,"ix":6},"o":{"a":0,"k":100,"ix":7},"sk":{"a":0,"k":0,"ix":4},"sa":{"a":0,"k":0,"ix":5},"nm":"Transform"}],"nm":"Group 32","np":2,"cix":2,"bm":0,"ix":32,"mn":"ADBE Vector Group","hd":false},{"ty":"gr","it":[{"ind":0,"ty":"sh","ix":1,"ks":{"a":0,"k":{"i":[[17.468,-8.128],[-2.536,-11.567],[7.971,-0.676],[-7.257,-12.579],[-10.818,2.479],[0,0],[0.496,-4.215],[-4.726,2.472],[1.529,13.063],[0,0]],"o":[[-2.465,6.661],[-6.871,4.096],[-15.422,1.311],[27.577,3.992],[0,0],[1.347,4.025],[6.309,1.385],[3.906,-4.572],[-2.124,-18.132],[-16.168,-5.028]],"v":[[-14.826,-37.652],[-0.065,5.868],[-23.99,23.545],[-44.472,41.788],[16.652,41.584],[29.281,33.668],[31.467,42.876],[47.823,41.788],[47.823,8.889],[47.823,-40.708]],"c":true},"ix":2},"nm":"Path 1","mn":"ADBE Vector Shape - Group","hd":false},{"ty":"fl","c":{"a":0,"k":[0.204731974882,0.200948393579,0.218980901382,1],"ix":4},"o":{"a":0,"k":100,"ix":5},"r":1,"bm":0,"nm":"Fill 1","mn":"ADBE Vector Graphic - Fill","hd":false},{"ty":"tr","p":{"a":0,"k":[128.035,484.183],"ix":2},"a":{"a":0,"k":[0,0],"ix":1},"s":{"a":0,"k":[100,100],"ix":3},"r":{"a":0,"k":0,"ix":6},"o":{"a":0,"k":100,"ix":7},"sk":{"a":0,"k":0,"ix":4},"sa":{"a":0,"k":0,"ix":5},"nm":"Transform"}],"nm":"Group 33","np":2,"cix":2,"bm":0,"ix":33,"mn":"ADBE Vector Group","hd":false},{"ty":"gr","it":[{"ind":0,"ty":"sh","ix":1,"ks":{"a":0,"k":{"i":[[35.797,1.734],[-2.415,-5.151],[-9.583,9.581],[-1.76,33.342]],"o":[[10.41,36.106],[6.654,14.197],[1.761,-33.342],[7.201,-0.035]],"v":[[-48.23,-71.517],[-13.617,51.197],[35.155,61.936],[41.029,-61.577]],"c":true},"ix":2},"nm":"Path 1","mn":"ADBE Vector Shape - Group","hd":false},{"ty":"fl","c":{"a":0,"k":[0.963032382142,0.126113682167,0.129815673828,1],"ix":4},"o":{"a":0,"k":100,"ix":5},"r":1,"bm":0,"nm":"Fill 1","mn":"ADBE Vector Graphic - Fill","hd":false},{"ty":"tr","p":{"a":0,"k":[136.853,409.46],"ix":2},"a":{"a":0,"k":[0,0],"ix":1},"s":{"a":0,"k":[100,100],"ix":3},"r":{"a":0,"k":0,"ix":6},"o":{"a":0,"k":100,"ix":7},"sk":{"a":0,"k":0,"ix":4},"sa":{"a":0,"k":0,"ix":5},"nm":"Transform"}],"nm":"Group 34","np":2,"cix":2,"bm":0,"ix":34,"mn":"ADBE Vector Group","hd":false}],"ip":0,"op":1000,"st":0,"bm":0},{"ddd":0,"ind":6,"ty":4,"nm":"Shadow Outlines","sr":1,"ks":{"o":{"a":0,"k":100,"ix":11},"r":{"a":0,"k":0,"ix":10},"p":{"a":0,"k":[546.098,829.953,0],"ix":2},"a":{"a":0,"k":[202.152,21.872,0],"ix":1},"s":{"a":0,"k":[100,100,100],"ix":6}},"ao":0,"shapes":[{"ty":"gr","it":[{"ind":0,"ty":"sh","ix":1,"ks":{"a":0,"k":{"i":[[0,-11.941],[111.506,0],[0,11.941],[-111.508,0]],"o":[[0,11.941],[-111.508,0],[0,-11.941],[111.506,0]],"v":[[201.902,0],[0.001,21.622],[-201.902,0],[0.001,-21.622]],"c":true},"ix":2},"nm":"Path 1","mn":"ADBE Vector Shape - Group","hd":false},{"ty":"fl","c":{"a":0,"k":[0.914689307119,0.914689307119,0.914689307119,1],"ix":4},"o":{"a":0,"k":100,"ix":5},"r":1,"bm":0,"nm":"Fill 1","mn":"ADBE Vector Graphic - Fill","hd":false},{"ty":"tr","p":{"a":0,"k":[202.152,21.872],"ix":2},"a":{"a":0,"k":[0,0],"ix":1},"s":{"a":0,"k":[100,100],"ix":3},"r":{"a":0,"k":0,"ix":6},"o":{"a":0,"k":100,"ix":7},"sk":{"a":0,"k":0,"ix":4},"sa":{"a":0,"k":0,"ix":5},"nm":"Transform"}],"nm":"Group 1","np":2,"cix":2,"bm":0,"ix":1,"mn":"ADBE Vector Group","hd":false}],"ip":0,"op":1000,"st":0,"bm":0}],"markers":[]}